cliente_id,nombre,apellido,email,genero,fecha_registro,region,pais,edad,ingreso_mensual,activo
1,Felipe,Díaz,felipe.díaz1@mail.cl,M,2025-01-21,RM,Chile,56.0,637337.0,True
2,Felipe,Morales,felipe.morales2@mail.cl,M,2025-06-01,Antofagasta,Chile,20.0,829365.0,True
3,María,Silva,maría.silva3@mail.cl,F,,Araucanía,Chile,50.0,684779.0,False
4,Valentina,Flores,valentina.flores4@mail.cl,F,2025-06-19,RM,Chile,45.0,1027035.0,False
5,Josefa,Espinoza,josefa.espinoza5@mail.cl,F,2025-02-24,Biobío,Chile,69.0,1055839.0,True
6,Pedro,Pérez,pedro.pérez6@mail.cl,M,2025-10-01,Valparaíso,Chile,21.0,1819512.0,False
7,Constanza,Muñoz,constanza.muñoz7@mail.cl,F,2025-12-06,RM,Chile,45.0,1406606.0,False
8,Felipe,Araya,felipe.araya8@mail.cl,M,2025-03-22,Biobío,Chile,53.0,960337.0,False
9,Camila,Muñoz,camila.muñoz9@mail.cl,F,2025-11-06,Coquimbo,Chile,44.5,1987550.0,False
10,Francisca,Araya,francisca.araya10@mail.cl,F,2026-01-31,RM,Chile,44.5,2084398.0,False
11,Constanza,Santelices,constanza.santelices11@mail.cl,F,2025-07-27,RM,Chile,62.0,2015857.0,True
12,Diego,Silva,diego.silva12@mail.cl,F,2025-02-10,Araucanía,Chile,46.0,2386222.0,True
13,Juan,Martínez,juan.martínez13@mail.cl,M,2025-05-16,Coquimbo,Chile,41.0,2252126.0,True
14,Pedro,González,pedro.gonzález14@mail.cl,F,2025-09-18,Valparaíso,Chile,59.0,788998.0,False
15,Sebastián,Araya,sebastián.araya15@mail.cl,M,2025-02-02,Antofagasta,Chile,65.0,1413910.0,True
16,Constanza,Silva,constanza.silva16@mail.cl,M,2025-02-04,Valparaíso,Chile,18.0,991234.0,True
17,Josefa,Espinoza,josefa.espinoza17@mail.cl,M,2025-09-12,Biobío,Chile,31.0,1115270.0,True
18,Sebastián,Valenzuela,sebastián.valenzuela18@mail.cl,M,2025-06-28,RM,Chile,49.0,1272838.0,True
19,Camila,Flores,camila.flores19@mail.cl,F,2025-08-19,Valparaíso,Chile,62.0,1746862.0,True
20,Rodrigo,Díaz,rodrigo.díaz20@mail.cl,M,2025-03-27,RM,Chile,45.0,543585.0,False
21,Rodrigo,Espinoza,rodrigo.espinoza21@mail.cl,M,2025-04-18,RM,Chile,61.0,525939.0,False
22,Constanza,Morales,constanza.morales22@mail.cl,F,2026-02-08,Biobío,Chile,50.0,1185440.0,True
23,Andrés,Espinoza,andrés.espinoza23@mail.cl,M,2026-02-08,Biobío,Chile,23.0,521959.0,True
24,Sebastián,Espinoza,sebastián.espinoza24@mail.cl,M,2025-06-01,Valparaíso,Chile,32.0,1884250.0,False
25,Catalina,Silva,catalina.silva25@mail.cl,M,2025-02-21,Coquimbo,Chile,29.0,1863453.0,True
26,María,Rodriguez,maría.rodriguez26@mail.cl,M,2026-02-18,RM,Chile,19.0,1520545.0,False
27,Valentina,Santelices,valentina.santelices27@mail.cl,M,2025-05-06,RM,Chile,19.0,1242452.0,False
28,Francisca,Soto,francisca.soto28@mail.cl,F,2025-07-03,Coquimbo,Chile,34.0,1311774.0,False
29,Daniela,Pérez,daniela.pérez29@mail.cl,F,2025-08-28,Araucanía,Chile,33.0,1966976.0,True
30,Carolina,Morales,carolina.morales30@mail.cl,F,2026-02-05,Valparaíso,Chile,36.0,1410681.0,True
31,Josefa,Rodriguez,josefa.rodriguez31@mail.cl,F,2025-05-08,Valparaíso,Chile,56.0,1387121.0,False
32,Juan,Morales,juan.morales32@mail.cl,F,2025-10-25,Valparaíso,Chile,52.0,647718.0,False
33,Catalina,López,catalina.lópez33@mail.cl,F,2025-01-02,Coquimbo,Chile,18.0,1914447.0,False
34,Carolina,Pérez,carolina.pérez34@mail.cl,M,2025-08-21,Antofagasta,Chile,52.0,1198002.0,False
35,Catalina,Rodriguez,catalina.rodriguez35@mail.cl,F,2025-04-26,Antofagasta,Chile,28.0,878480.0,False
36,Camila,Soto,camila.soto36@mail.cl,F,,Valparaíso,Chile,52.0,633272.0,True
37,María,Espinoza,maría.espinoza37@mail.cl,F,2025-06-18,Coquimbo,Chile,53.0,1638848.0,False
38,Juan,Espinoza,juan.espinoza38@mail.cl,M,2025-05-15,RM,Chile,20.0,2159280.0,False
39,Juan,Araya,juan.araya39@mail.cl,M,2025-08-26,RM,Chile,47.0,2021701.0,False
40,Rodrigo,Rodriguez,rodrigo.rodriguez40@mail.cl,F,2025-10-04,Antofagasta,Chile,47.0,860032.0,False
41,Josefa,González,josefa.gonzález41@mail.cl,M,2025-01-04,RM,Chile,52.0,2444624.0,False
42,Juan,Araya,juan.araya42@mail.cl,F,2025-01-06,Coquimbo,Chile,52.0,1187995.0,True
43,Diego,Silva,diego.silva43@mail.cl,M,2026-02-04,Coquimbo,Chile,50.0,1148307.0,True
44,Rodrigo,Pérez,rodrigo.pérez44@mail.cl,F,2025-05-08,Antofagasta,Chile,35.0,1189944.0,False
45,Josefa,Soto,josefa.soto45@mail.cl,F,2025-04-24,Araucanía,Chile,49.0,1552590.0,False
46,Felipe,Muñoz,felipe.muñoz46@mail.cl,M,2026-01-17,Coquimbo,Chile,57.0,1523904.0,True
47,Andrés,Soto,andrés.soto47@mail.cl,F,2025-01-26,Coquimbo,Chile,52.0,1992785.0,True
48,Daniela,Flores,daniela.flores48@mail.cl,F,2025-06-22,Coquimbo,Chile,44.5,764512.0,False
49,Catalina,Espinoza,catalina.espinoza49@mail.cl,F,2026-01-15,RM,Chile,45.0,1580673.0,False
50,Catalina,Santelices,catalina.santelices50@mail.cl,M,2025-03-04,RM,Chile,39.0,555609.0,False
51,Valentina,González,valentina.gonzález51@mail.cl,F,2025-04-11,RM,Chile,50.0,1464163.0,True
52,Carolina,Araya,carolina.araya52@mail.cl,F,2025-12-16,Valparaíso,Chile,64.0,1760386.0,True
53,Daniela,Díaz,daniela.díaz53@mail.cl,F,2025-06-07,Araucanía,Chile,36.0,1635248.0,False
54,Josefa,Rodriguez,josefa.rodriguez54@mail.cl,F,2025-04-27,Valparaíso,Chile,40.0,894366.0,True
55,Carolina,Pérez,carolina.pérez55@mail.cl,M,2025-10-17,RM,Chile,49.0,2211741.0,False
56,Catalina,Martínez,catalina.martínez56@mail.cl,F,2025-07-08,Araucanía,Chile,56.0,2102239.0,True
57,Diego,Soto,diego.soto57@mail.cl,M,2025-05-24,Coquimbo,Chile,68.0,644356.0,False
58,Sebastián,Flores,sebastián.flores58@mail.cl,F,2025-04-04,RM,Chile,63.0,578781.0,False
59,Diego,Araya,diego.araya59@mail.cl,F,2025-02-08,RM,Chile,53.0,2004544.0,False
60,Constanza,Pérez,constanza.pérez60@mail.cl,M,2026-02-05,RM,Chile,51.0,1150419.0,True
61,Francisca,López,francisca.lópez61@mail.cl,M,2026-01-05,Coquimbo,Chile,62.0,1946403.0,False
62,Daniela,Santelices,daniela.santelices62@mail.cl,F,2025-12-06,RM,Chile,41.0,2263211.0,False
63,Pedro,Araya,pedro.araya63@mail.cl,M,2025-04-11,Coquimbo,Chile,29.0,2048098.0,True
64,Juan,Silva,juan.silva64@mail.cl,F,2025-01-12,RM,Chile,48.0,1814093.0,False
65,Rodrigo,Rodriguez,rodrigo.rodriguez65@mail.cl,F,2025-09-21,Valparaíso,Chile,46.0,1138873.0,False
66,Francisca,Espinoza,francisca.espinoza66@mail.cl,F,2025-11-10,RM,Chile,67.0,657164.0,True
67,Rodrigo,Silva,rodrigo.silva67@mail.cl,F,2026-02-05,Coquimbo,Chile,27.0,1063044.0,True
68,Daniela,Rodriguez,daniela.rodriguez68@mail.cl,M,2025-04-06,Valparaíso,Chile,41.0,2292662.0,False
69,Catalina,Pérez,catalina.pérez69@mail.cl,F,2025-08-05,Coquimbo,Chile,52.0,914568.0,False
70,Juan,González,juan.gonzález70@mail.cl,F,2025-07-06,Coquimbo,Chile,36.0,678352.0,False
71,Carolina,Flores,carolina.flores71@mail.cl,M,2025-10-11,Biobío,Chile,31.0,551934.0,False
72,Camila,Rodriguez,camila.rodriguez72@mail.cl,F,2025-04-09,Valparaíso,Chile,29.0,720184.0,False
73,Andrés,Pérez,andrés.pérez73@mail.cl,F,2025-02-08,Araucanía,Chile,62.0,1638356.0,False
74,Francisca,Santelices,francisca.santelices74@mail.cl,F,2025-08-03,Coquimbo,Chile,46.0,1913354.0,True
75,María,Valenzuela,maría.valenzuela75@mail.cl,F,2026-01-17,Valparaíso,Chile,55.0,1025830.0,False
76,Rodrigo,Silva,rodrigo.silva76@mail.cl,F,2026-01-02,RM,Chile,22.0,1112380.0,True
77,Valentina,Rodriguez,valentina.rodriguez77@mail.cl,F,2025-05-25,RM,Chile,24.0,1192440.0,True
78,Camila,Díaz,camila.díaz78@mail.cl,F,2025-12-30,Valparaíso,Chile,56.0,2191738.0,False
79,Francisca,Rodriguez,francisca.rodriguez79@mail.cl,M,2025-08-30,Coquimbo,Chile,45.0,1290141.0,False
80,Camila,Araya,camila.araya80@mail.cl,F,2025-01-01,RM,Chile,20.0,2050284.0,False
81,Constanza,Martínez,constanza.martínez81@mail.cl,M,2025-04-27,RM,Chile,23.0,2009433.0,False
82,Rodrigo,Flores,rodrigo.flores82@mail.cl,M,2025-08-01,RM,Chile,28.0,1231899.0,True
83,Camila,Rodriguez,camila.rodriguez83@mail.cl,M,2025-08-21,Araucanía,Chile,66.0,2373421.0,True
84,Josefa,González,josefa.gonzález84@mail.cl,M,2025-01-12,Valparaíso,Chile,27.0,1428479.0,False
85,Daniela,Soto,daniela.soto85@mail.cl,F,2025-05-02,RM,Chile,45.0,2063299.0,False
86,Daniela,López,daniela.lópez86@mail.cl,F,2025-02-10,Coquimbo,Chile,53.0,2093023.0,True
87,Valentina,Valenzuela,valentina.valenzuela87@mail.cl,M,2025-08-08,RM,Chile,65.0,582844.0,True
88,Constanza,Rodriguez,constanza.rodriguez88@mail.cl,M,2025-07-16,RM,Chile,64.0,1493176.0,False
89,Francisca,Silva,francisca.silva89@mail.cl,F,2025-04-29,Antofagasta,Chile,50.0,1610389.0,True
90,María,Valenzuela,maría.valenzuela90@mail.cl,M,2025-08-05,RM,Chile,39.0,769114.0,True
91,Juan,Flores,juan.flores91@mail.cl,M,2025-11-07,Coquimbo,Chile,23.0,1823483.0,True
92,Diego,Valenzuela,diego.valenzuela92@mail.cl,M,2025-02-22,Araucanía,Chile,54.0,1553385.0,False
93,Pedro,González,pedro.gonzález93@mail.cl,M,2025-02-20,Coquimbo,Chile,62.0,1434604.0,False
94,Constanza,González,constanza.gonzález94@mail.cl,M,2025-04-05,Biobío,Chile,25.0,1410886.0,False
95,Francisca,Muñoz,francisca.muñoz95@mail.cl,F,2025-09-25,Biobío,Chile,18.0,1140053.0,False
96,Diego,Espinoza,diego.espinoza96@mail.cl,F,2025-09-12,Biobío,Chile,64.0,1039542.0,True
97,Diego,Pérez,diego.pérez97@mail.cl,F,2025-07-11,Valparaíso,Chile,51.0,506949.0,False
98,María,Muñoz,maría.muñoz98@mail.cl,F,2025-11-04,Coquimbo,Chile,55.0,1474304.0,False
99,Josefa,Araya,josefa.araya99@mail.cl,F,2026-01-05,Valparaíso,Chile,46.0,933027.0,False
100,Daniela,González,daniela.gonzález100@mail.cl,F,2025-03-10,Biobío,Chile,51.0,1359909.0,True
101,María,Flores,maría.flores101@mail.cl,F,2025-04-21,Valparaíso,Chile,40.0,998870.0,False
102,Josefa,Morales,josefa.morales102@mail.cl,F,2025-07-03,Valparaíso,Chile,42.0,1464163.0,False
103,Pedro,Morales,pedro.morales103@mail.cl,M,2025-02-20,Araucanía,Chile,36.0,557108.0,True
104,María,Araya,maría.araya104@mail.cl,F,2025-01-01,RM,Chile,22.0,1915400.0,False
105,Francisca,Espinoza,francisca.espinoza105@mail.cl,F,2025-03-14,RM,Chile,43.0,903704.0,True
106,Sebastián,Soto,sebastián.soto106@mail.cl,M,2025-02-17,Coquimbo,Chile,34.0,595257.0,False
107,Juan,Silva,juan.silva107@mail.cl,M,2026-02-16,Coquimbo,Chile,39.0,1688365.0,False
108,Carolina,Santelices,carolina.santelices108@mail.cl,F,2025-01-14,Coquimbo,Chile,68.0,2471206.0,True
109,Josefa,Santelices,josefa.santelices109@mail.cl,F,2025-10-01,Valparaíso,Chile,55.0,2178050.0,True
110,Josefa,Martínez,josefa.martínez110@mail.cl,M,2025-09-30,RM,Chile,56.0,1948021.0,False
111,Constanza,Araya,constanza.araya111@mail.cl,M,2025-03-09,Antofagasta,Chile,44.5,967010.0,True
112,Rodrigo,Muñoz,rodrigo.muñoz112@mail.cl,M,2025-04-21,Coquimbo,Chile,25.0,970951.0,True
113,Carolina,Rodriguez,carolina.rodriguez113@mail.cl,F,2025-10-09,RM,Chile,51.0,1412826.0,False
114,Andrés,Flores,andrés.flores114@mail.cl,F,2025-05-30,Valparaíso,Chile,38.0,616421.0,False
115,Felipe,Díaz,felipe.díaz115@mail.cl,F,2025-04-05,RM,Chile,41.0,1707094.0,True
116,Felipe,Rodriguez,felipe.rodriguez116@mail.cl,M,2025-08-11,RM,Chile,23.0,2195041.0,False
117,Carolina,Morales,carolina.morales117@mail.cl,F,2026-01-30,RM,Chile,55.0,1299666.0,False
118,Sebastián,Muñoz,sebastián.muñoz118@mail.cl,M,2025-06-22,Coquimbo,Chile,61.0,637541.0,False
119,Valentina,Díaz,valentina.díaz119@mail.cl,M,2025-05-20,RM,Chile,64.0,1354016.0,False
120,Constanza,Soto,constanza.soto120@mail.cl,M,2026-01-13,Coquimbo,Chile,60.0,1071650.0,True
121,Valentina,Muñoz,valentina.muñoz121@mail.cl,F,2025-06-21,RM,Chile,19.0,878892.0,False
122,María,Díaz,maría.díaz122@mail.cl,M,,RM,Chile,28.0,593070.0,False
123,Valentina,Santelices,valentina.santelices123@mail.cl,M,2026-02-13,RM,Chile,67.0,1464163.0,True
124,Daniela,Morales,daniela.morales124@mail.cl,M,2025-01-01,RM,Chile,57.0,2240095.0,False
125,Carolina,Flores,carolina.flores125@mail.cl,F,2025-11-12,Biobío,Chile,47.0,2328130.0,True
126,Diego,Pérez,diego.pérez126@mail.cl,M,2025-05-12,Valparaíso,Chile,42.0,1562636.0,False
127,Sebastián,Muñoz,sebastián.muñoz127@mail.cl,F,2025-10-15,Coquimbo,Chile,68.0,835484.0,False
128,Juan,Santelices,juan.santelices128@mail.cl,M,2025-08-13,Coquimbo,Chile,64.0,938774.0,False
129,Constanza,Pérez,constanza.pérez129@mail.cl,F,2025-07-17,RM,Chile,23.0,1772386.0,True
130,Pedro,Silva,pedro.silva130@mail.cl,F,2025-06-06,RM,Chile,50.0,1607955.0,False
131,Felipe,Morales,felipe.morales131@mail.cl,F,2025-10-16,Araucanía,Chile,21.0,781173.0,False
132,Francisca,Pérez,francisca.pérez132@mail.cl,M,2025-06-08,Biobío,Chile,64.0,1620483.0,True
133,Daniela,Díaz,daniela.díaz133@mail.cl,F,2025-06-06,Coquimbo,Chile,64.0,1632867.0,False
134,Rodrigo,Muñoz,rodrigo.muñoz134@mail.cl,M,2025-10-19,Valparaíso,Chile,43.0,1935434.0,True
135,Diego,Díaz,diego.díaz135@mail.cl,M,2025-05-14,Araucanía,Chile,25.0,1603894.0,True
136,Francisca,Espinoza,francisca.espinoza136@mail.cl,M,2025-07-29,RM,Chile,42.0,1170688.0,True
137,Daniela,Araya,daniela.araya137@mail.cl,M,2025-11-20,Araucanía,Chile,22.0,1084567.0,True
138,Daniela,Valenzuela,daniela.valenzuela138@mail.cl,F,2025-02-20,Biobío,Chile,46.0,1543917.0,False
139,Sebastián,Soto,sebastián.soto139@mail.cl,M,2025-12-12,Coquimbo,Chile,44.5,1727171.0,False
140,Felipe,Martínez,felipe.martínez140@mail.cl,M,2025-05-29,Antofagasta,Chile,64.0,818408.0,True
141,Sebastián,López,sebastián.lópez141@mail.cl,F,2025-10-18,Biobío,Chile,69.0,1729336.0,False
142,Andrés,Soto,andrés.soto142@mail.cl,F,2025-12-13,Coquimbo,Chile,34.0,1162143.0,True
143,Andrés,Araya,andrés.araya143@mail.cl,M,2025-06-29,RM,Chile,23.0,1306388.0,False
144,Juan,González,juan.gonzález144@mail.cl,M,2025-06-05,Coquimbo,Chile,67.0,2438900.0,True
145,Felipe,González,felipe.gonzález145@mail.cl,F,2025-12-08,Coquimbo,Chile,45.0,2225502.0,True
146,Daniela,González,daniela.gonzález146@mail.cl,M,2025-08-03,Coquimbo,Chile,68.0,2359450.0,False
147,Pedro,Espinoza,pedro.espinoza147@mail.cl,F,2025-10-13,Coquimbo,Chile,33.0,2166471.0,True
148,María,González,maría.gonzález148@mail.cl,F,2025-04-23,Valparaíso,Chile,67.0,2346493.0,False
149,Pedro,Valenzuela,pedro.valenzuela149@mail.cl,F,2026-02-08,RM,Chile,20.0,1627199.0,False
150,Francisca,Rodriguez,francisca.rodriguez150@mail.cl,F,2026-02-24,Coquimbo,Chile,45.0,2361407.0,False
151,Felipe,Flores,felipe.flores151@mail.cl,F,2025-09-12,RM,Chile,25.0,949589.0,True
152,Josefa,Pérez,josefa.pérez152@mail.cl,M,2025-09-21,Antofagasta,Chile,51.0,1097794.0,False
153,Daniela,Espinoza,daniela.espinoza153@mail.cl,F,2026-01-04,Antofagasta,Chile,69.0,1464163.0,False
154,Diego,Espinoza,diego.espinoza154@mail.cl,M,2025-11-26,RM,Chile,24.0,778176.0,True
155,Diego,Rodriguez,diego.rodriguez155@mail.cl,F,2025-07-07,RM,Chile,35.0,901921.0,True
156,Josefa,Pérez,josefa.pérez156@mail.cl,F,2026-01-03,RM,Chile,40.0,707990.0,False
157,Camila,Pérez,camila.pérez157@mail.cl,M,2025-08-14,Coquimbo,Chile,61.0,1669250.0,False
158,Francisca,Soto,francisca.soto158@mail.cl,F,2026-02-25,RM,Chile,63.0,2056182.0,False
159,Catalina,González,catalina.gonzález159@mail.cl,F,2025-02-09,RM,Chile,19.0,1262092.0,True
160,Felipe,Martínez,felipe.martínez160@mail.cl,F,2025-06-03,Valparaíso,Chile,46.0,1756556.0,False
161,Felipe,Pérez,felipe.pérez161@mail.cl,M,2025-02-11,Biobío,Chile,53.0,688456.0,False
162,María,González,maría.gonzález162@mail.cl,M,2026-01-23,Valparaíso,Chile,44.5,2089589.0,True
163,Andrés,Martínez,andrés.martínez163@mail.cl,M,2025-09-25,Antofagasta,Chile,62.0,1072212.0,True
164,Francisca,Flores,francisca.flores164@mail.cl,M,2025-05-02,Coquimbo,Chile,63.0,890719.0,False
165,Carolina,Soto,carolina.soto165@mail.cl,M,2025-10-09,RM,Chile,46.0,1081780.0,True
166,Daniela,Morales,daniela.morales166@mail.cl,F,2025-08-20,Antofagasta,Chile,52.0,878165.0,False
167,Felipe,Valenzuela,felipe.valenzuela167@mail.cl,F,2025-10-16,Araucanía,Chile,53.0,1754126.0,False
168,Pedro,Rodriguez,pedro.rodriguez168@mail.cl,F,2025-07-20,RM,Chile,43.0,999137.0,True
169,Sebastián,Martínez,sebastián.martínez169@mail.cl,F,2025-04-14,Valparaíso,Chile,59.0,1397048.0,True
170,Pedro,Rodriguez,pedro.rodriguez170@mail.cl,F,2025-04-12,Biobío,Chile,51.0,785195.0,True
171,Diego,Araya,diego.araya171@mail.cl,M,2025-11-26,Antofagasta,Chile,66.0,819278.0,False
172,Constanza,Silva,constanza.silva172@mail.cl,M,2026-01-23,Valparaíso,Chile,54.0,2140821.0,False
173,Valentina,Silva,valentina.silva173@mail.cl,M,2025-02-28,Antofagasta,Chile,43.0,1901320.0,True
174,Francisca,Valenzuela,francisca.valenzuela174@mail.cl,F,2026-01-23,Valparaíso,Chile,43.0,818420.0,False
175,Francisca,Santelices,francisca.santelices175@mail.cl,F,2025-06-25,RM,Chile,25.0,2025233.0,True
176,Felipe,Flores,felipe.flores176@mail.cl,F,2025-04-13,Valparaíso,Chile,34.0,1638189.0,True
177,Daniela,Rodriguez,daniela.rodriguez177@mail.cl,F,2025-10-20,RM,Chile,60.0,634055.0,False
178,Felipe,Santelices,felipe.santelices178@mail.cl,F,2026-01-04,Coquimbo,Chile,46.0,646389.0,True
179,Rodrigo,Muñoz,rodrigo.muñoz179@mail.cl,M,2025-11-07,Antofagasta,Chile,52.0,959297.0,False
180,Andrés,Santelices,andrés.santelices180@mail.cl,M,2026-02-04,Coquimbo,Chile,56.0,1393741.0,False
181,Rodrigo,Espinoza,rodrigo.espinoza181@mail.cl,M,2025-07-04,Coquimbo,Chile,33.0,1109719.0,False
182,Josefa,Martínez,josefa.martínez182@mail.cl,F,2025-12-06,RM,Chile,22.0,1952608.0,False
183,Juan,Rodriguez,juan.rodriguez183@mail.cl,M,2025-11-20,RM,Chile,35.0,1399005.0,True
184,Sebastián,González,sebastián.gonzález184@mail.cl,M,2025-11-01,Araucanía,Chile,41.0,2278627.0,False
185,Andrés,López,andrés.lópez185@mail.cl,M,2025-07-17,Biobío,Chile,56.0,1410775.0,True
186,Constanza,Silva,constanza.silva186@mail.cl,M,2026-01-07,Antofagasta,Chile,69.0,693283.0,True
187,Daniela,Díaz,daniela.díaz187@mail.cl,M,2025-11-26,Valparaíso,Chile,60.0,1610241.0,True
188,Francisca,Martínez,francisca.martínez188@mail.cl,M,2026-01-05,Araucanía,Chile,22.0,2146645.0,True
189,Felipe,González,felipe.gonzález189@mail.cl,M,2026-02-11,Antofagasta,Chile,52.0,2329553.0,False
190,Constanza,González,constanza.gonzález190@mail.cl,F,2025-09-26,Antofagasta,Chile,64.0,1346936.0,True
191,Camila,Espinoza,camila.espinoza191@mail.cl,M,2026-01-03,RM,Chile,45.0,1464163.0,True
192,Pedro,Martínez,pedro.martínez192@mail.cl,F,2026-02-09,Antofagasta,Chile,42.0,826916.0,True
193,Andrés,Muñoz,andrés.muñoz193@mail.cl,F,,RM,Chile,65.0,1660793.0,False
194,Valentina,Pérez,valentina.pérez194@mail.cl,F,2026-01-13,RM,Chile,34.0,625991.0,True
195,Catalina,Espinoza,catalina.espinoza195@mail.cl,M,2025-02-09,Antofagasta,Chile,51.0,1882439.0,True
196,Rodrigo,Flores,rodrigo.flores196@mail.cl,M,2025-06-17,Antofagasta,Chile,45.0,990042.0,True
197,Catalina,Martínez,catalina.martínez197@mail.cl,M,2025-06-19,Biobío,Chile,53.0,2421214.0,True
198,Valentina,Araya,valentina.araya198@mail.cl,M,2026-02-26,Antofagasta,Chile,68.0,1209662.0,True
199,Francisca,López,francisca.lópez199@mail.cl,F,2025-03-23,RM,Chile,53.0,626209.0,False
200,Rodrigo,Flores,rodrigo.flores200@mail.cl,F,2025-02-15,RM,Chile,44.0,1484176.0,True
201,Juan,Silva,juan.silva201@mail.cl,M,,RM,Chile,65.0,702053.0,True
202,Constanza,Santelices,constanza.santelices202@mail.cl,F,2026-01-28,Coquimbo,Chile,32.0,2164221.0,True
203,Rodrigo,Soto,rodrigo.soto203@mail.cl,F,2025-11-20,RM,Chile,44.0,2054623.0,True
204,Carolina,Soto,carolina.soto204@mail.cl,M,2025-04-30,Coquimbo,Chile,35.0,2402897.0,False
205,Catalina,Valenzuela,catalina.valenzuela205@mail.cl,M,2025-01-07,Coquimbo,Chile,46.0,1148074.0,True
206,Valentina,Valenzuela,valentina.valenzuela206@mail.cl,M,2025-01-26,Biobío,Chile,51.0,1312461.0,False
207,Rodrigo,Díaz,rodrigo.díaz207@mail.cl,M,2026-01-15,RM,Chile,46.0,1886652.0,True
208,Camila,Muñoz,camila.muñoz208@mail.cl,M,2025-01-27,Valparaíso,Chile,20.0,1272944.0,False
209,Carolina,Silva,carolina.silva209@mail.cl,F,2026-02-06,Valparaíso,Chile,37.0,1073189.0,True
210,Sebastián,Pérez,sebastián.pérez210@mail.cl,M,2025-01-15,RM,Chile,51.0,1419484.0,True
211,Catalina,González,catalina.gonzález211@mail.cl,M,2025-07-27,Valparaíso,Chile,44.0,2303847.0,False
212,Constanza,Martínez,constanza.martínez212@mail.cl,M,2025-01-27,RM,Chile,63.0,847697.0,False
213,Felipe,Rodriguez,felipe.rodriguez213@mail.cl,M,2025-11-12,RM,Chile,20.0,2219187.0,False
214,Josefa,Martínez,josefa.martínez214@mail.cl,F,2025-08-24,RM,Chile,44.5,1058819.0,True
215,Valentina,Martínez,valentina.martínez215@mail.cl,F,2025-04-27,RM,Chile,19.0,1341047.0,False
216,Andrés,Flores,andrés.flores216@mail.cl,M,2025-11-16,RM,Chile,35.0,2418317.0,True
217,Josefa,Soto,josefa.soto217@mail.cl,F,2025-04-12,Valparaíso,Chile,58.0,1464163.0,True
218,Valentina,Rodriguez,valentina.rodriguez218@mail.cl,F,2025-02-15,RM,Chile,49.0,1793774.0,False
219,Valentina,Soto,valentina.soto219@mail.cl,F,2025-08-30,Valparaíso,Chile,50.0,1073441.0,True
220,Juan,Martínez,juan.martínez220@mail.cl,M,2026-01-26,RM,Chile,39.0,1863046.0,False
221,Valentina,Santelices,valentina.santelices221@mail.cl,F,2026-02-03,Valparaíso,Chile,59.0,509078.0,False
222,Juan,Silva,juan.silva222@mail.cl,M,2026-01-09,RM,Chile,23.0,2190696.0,True
223,Josefa,Martínez,josefa.martínez223@mail.cl,F,2026-01-28,Araucanía,Chile,37.0,906845.0,True
224,Andrés,Valenzuela,andrés.valenzuela224@mail.cl,M,2025-11-10,Valparaíso,Chile,39.0,1229497.0,True
225,Pedro,Valenzuela,pedro.valenzuela225@mail.cl,M,2025-01-12,RM,Chile,40.0,2182955.0,True
226,Sebastián,Flores,sebastián.flores226@mail.cl,M,2026-02-05,RM,Chile,62.0,1576956.0,True
227,Diego,Santelices,diego.santelices227@mail.cl,F,2025-07-30,Coquimbo,Chile,39.0,1717060.0,False
228,Daniela,Martínez,daniela.martínez228@mail.cl,M,2025-02-04,Valparaíso,Chile,46.0,2351317.0,True
229,Josefa,González,josefa.gonzález229@mail.cl,M,2026-01-31,Coquimbo,Chile,41.0,1360563.0,True
230,Camila,Araya,camila.araya230@mail.cl,F,2025-02-19,Biobío,Chile,66.0,1891538.0,False
231,Sebastián,Díaz,sebastián.díaz231@mail.cl,F,2025-03-07,Valparaíso,Chile,32.0,1836737.0,False
232,Valentina,Santelices,valentina.santelices232@mail.cl,F,2025-05-05,Araucanía,Chile,29.0,749474.0,True
233,María,Silva,maría.silva233@mail.cl,M,2025-01-08,Valparaíso,Chile,53.0,1965071.0,False
234,Felipe,López,felipe.lópez234@mail.cl,F,2025-10-20,RM,Chile,22.0,1724613.0,True
235,Sebastián,Espinoza,sebastián.espinoza235@mail.cl,F,2025-08-19,Antofagasta,Chile,42.0,601459.0,False
236,Felipe,Soto,felipe.soto236@mail.cl,M,2026-01-02,RM,Chile,52.0,1536548.0,True
237,Juan,Silva,juan.silva237@mail.cl,F,2026-02-16,RM,Chile,48.0,1404586.0,False
238,Pedro,Soto,pedro.soto238@mail.cl,F,2025-11-28,RM,Chile,47.0,1568392.0,True
239,Diego,Díaz,diego.díaz239@mail.cl,F,2025-03-05,Valparaíso,Chile,37.0,2442811.0,True
240,Andrés,Pérez,andrés.pérez240@mail.cl,M,2025-04-30,Valparaíso,Chile,61.0,841815.0,False
241,Josefa,Valenzuela,josefa.valenzuela241@mail.cl,F,2025-11-30,RM,Chile,19.0,1464163.0,True
242,Diego,Díaz,diego.díaz242@mail.cl,F,2025-07-17,RM,Chile,54.0,1708052.0,True
243,Diego,González,diego.gonzález243@mail.cl,M,2025-10-03,Coquimbo,Chile,67.0,1680887.0,True
244,Andrés,Espinoza,andrés.espinoza244@mail.cl,F,2026-02-08,RM,Chile,48.0,1867223.0,True
245,Andrés,Muñoz,andrés.muñoz245@mail.cl,M,2025-05-06,Valparaíso,Chile,62.0,890479.0,False
246,Francisca,Araya,francisca.araya246@mail.cl,M,2025-09-21,RM,Chile,46.0,2178687.0,False
247,Diego,Valenzuela,diego.valenzuela247@mail.cl,F,2025-04-29,RM,Chile,43.0,1673930.0,False
248,Constanza,Muñoz,constanza.muñoz248@mail.cl,F,2026-02-09,Valparaíso,Chile,66.0,988011.0,True
249,Daniela,Martínez,daniela.martínez249@mail.cl,F,2025-10-14,Antofagasta,Chile,33.0,1267629.0,True
250,Catalina,Pérez,catalina.pérez250@mail.cl,M,2025-07-11,RM,Chile,23.0,1532766.0,True
251,Juan,Martínez,juan.martínez251@mail.cl,M,2025-03-18,Antofagasta,Chile,48.0,1221384.0,True
252,Camila,Muñoz,camila.muñoz252@mail.cl,M,2026-01-19,Biobío,Chile,23.0,536321.0,False
253,Rodrigo,Martínez,rodrigo.martínez253@mail.cl,M,2026-01-24,Coquimbo,Chile,24.0,2164600.0,True
254,Josefa,González,josefa.gonzález254@mail.cl,F,2025-11-12,Valparaíso,Chile,44.5,2438904.0,True
255,Juan,González,juan.gonzález255@mail.cl,M,2025-12-21,RM,Chile,44.5,1548173.0,False
256,Francisca,Muñoz,francisca.muñoz256@mail.cl,F,2025-11-24,Coquimbo,Chile,65.0,1264357.0,False
257,Diego,Flores,diego.flores257@mail.cl,F,2025-10-31,RM,Chile,54.0,2493678.0,False
258,Camila,Valenzuela,camila.valenzuela258@mail.cl,M,2026-02-19,Biobío,Chile,61.0,2413722.0,True
259,Rodrigo,Pérez,rodrigo.pérez259@mail.cl,M,2026-02-22,Coquimbo,Chile,32.0,1866808.0,False
260,Andrés,Rodriguez,andrés.rodriguez260@mail.cl,M,2025-10-02,RM,Chile,51.0,1857133.0,True
261,Camila,Pérez,camila.pérez261@mail.cl,F,2026-01-28,Valparaíso,Chile,52.0,2070439.0,False
262,Francisca,Díaz,francisca.díaz262@mail.cl,F,2025-05-12,Valparaíso,Chile,43.0,1805944.0,False
263,Andrés,Santelices,andrés.santelices263@mail.cl,M,2025-06-08,Antofagasta,Chile,24.0,2030814.0,False
264,Juan,López,juan.lópez264@mail.cl,M,2026-01-04,RM,Chile,24.0,1869909.0,True
265,Carolina,Silva,carolina.silva265@mail.cl,M,2026-02-24,Valparaíso,Chile,39.0,1965461.0,True
266,Valentina,Araya,valentina.araya266@mail.cl,M,2025-05-01,Biobío,Chile,59.0,1018727.0,False
267,Catalina,González,catalina.gonzález267@mail.cl,F,2025-06-01,RM,Chile,36.0,929667.0,False
268,Felipe,López,felipe.lópez268@mail.cl,M,2025-08-30,RM,Chile,22.0,695246.0,True
269,Pedro,Araya,pedro.araya269@mail.cl,F,2025-05-30,Coquimbo,Chile,65.0,1616964.0,True
270,Pedro,Araya,pedro.araya270@mail.cl,M,2025-03-19,Coquimbo,Chile,30.0,1522460.0,True
271,Constanza,Martínez,constanza.martínez271@mail.cl,F,2025-05-26,RM,Chile,20.0,1935177.0,False
272,Rodrigo,Santelices,rodrigo.santelices272@mail.cl,M,2026-02-15,Valparaíso,Chile,36.0,1324899.0,False
273,Valentina,López,valentina.lópez273@mail.cl,F,2025-08-20,RM,Chile,44.5,1135232.0,False
274,Pedro,Martínez,pedro.martínez274@mail.cl,F,2025-07-15,RM,Chile,30.0,572240.0,False
275,María,Araya,maría.araya275@mail.cl,M,2025-09-21,RM,Chile,55.0,665575.0,False
276,Pedro,Soto,pedro.soto276@mail.cl,F,2025-11-22,RM,Chile,19.0,751051.0,False
277,Valentina,González,valentina.gonzález277@mail.cl,M,2025-09-21,Valparaíso,Chile,39.0,1724491.0,False
278,Camila,Pérez,camila.pérez278@mail.cl,M,2025-11-07,Valparaíso,Chile,33.0,1780617.0,False
279,Constanza,Martínez,constanza.martínez279@mail.cl,M,2025-05-16,Biobío,Chile,37.0,1690402.0,False
280,Constanza,Flores,constanza.flores280@mail.cl,M,2025-01-05,RM,Chile,37.0,1544327.0,False
281,Carolina,González,carolina.gonzález281@mail.cl,M,2025-08-19,Valparaíso,Chile,49.0,1668544.0,True
282,Catalina,Araya,catalina.araya282@mail.cl,F,2025-10-19,RM,Chile,50.0,1816502.0,False
283,Rodrigo,Muñoz,rodrigo.muñoz283@mail.cl,M,2026-01-09,RM,Chile,18.0,1996906.0,True
284,Camila,Espinoza,camila.espinoza284@mail.cl,M,2026-01-06,Araucanía,Chile,52.0,1114805.0,True
285,Josefa,Soto,josefa.soto285@mail.cl,F,2025-08-27,Antofagasta,Chile,66.0,1167689.0,False
286,María,Flores,maría.flores286@mail.cl,M,2025-05-14,Valparaíso,Chile,20.0,793894.0,False
287,Constanza,Martínez,constanza.martínez287@mail.cl,M,2025-05-10,Coquimbo,Chile,52.0,2203377.0,False
288,Camila,Muñoz,camila.muñoz288@mail.cl,F,2025-09-10,Araucanía,Chile,50.0,2191811.0,True
289,Constanza,González,constanza.gonzález289@mail.cl,F,2026-02-21,Antofagasta,Chile,20.0,1190658.0,True
290,Valentina,Martínez,valentina.martínez290@mail.cl,M,2025-01-25,RM,Chile,32.0,1464163.0,True
291,Carolina,Araya,carolina.araya291@mail.cl,F,2025-01-31,RM,Chile,31.0,1052467.0,False
292,Rodrigo,Araya,rodrigo.araya292@mail.cl,M,2025-09-11,RM,Chile,19.0,1783131.0,True
293,Pedro,Valenzuela,pedro.valenzuela293@mail.cl,M,2025-12-11,Coquimbo,Chile,19.0,1473181.0,True
294,María,Flores,maría.flores294@mail.cl,M,2026-01-19,Valparaíso,Chile,26.0,1185154.0,True
295,Sebastián,Araya,sebastián.araya295@mail.cl,F,2025-09-09,RM,Chile,50.0,1121827.0,False
296,Felipe,Silva,felipe.silva296@mail.cl,M,2025-08-09,RM,Chile,69.0,2433731.0,False
297,Valentina,Santelices,valentina.santelices297@mail.cl,F,2026-02-04,RM,Chile,24.0,989626.0,False
298,Valentina,Espinoza,valentina.espinoza298@mail.cl,M,2025-07-02,Valparaíso,Chile,19.0,563037.0,True
299,Diego,Soto,diego.soto299@mail.cl,F,2025-11-10,RM,Chile,56.0,1770660.0,True
300,Rodrigo,Pérez,rodrigo.pérez300@mail.cl,F,2026-01-18,RM,Chile,54.0,946636.0,False
301,Camila,González,camila.gonzález301@mail.cl,M,2025-11-04,RM,Chile,43.0,1559325.0,False
302,María,Díaz,maría.díaz302@mail.cl,F,2025-08-21,Valparaíso,Chile,46.0,2361043.0,True
303,Valentina,López,valentina.lópez303@mail.cl,M,2025-07-11,Araucanía,Chile,34.0,503191.0,True
304,Sebastián,González,sebastián.gonzález304@mail.cl,F,2025-01-10,Coquimbo,Chile,67.0,1962073.0,False
305,Carolina,Silva,carolina.silva305@mail.cl,M,2025-09-21,Biobío,Chile,39.0,2386407.0,True
306,Josefa,González,josefa.gonzález306@mail.cl,F,2026-01-05,Coquimbo,Chile,49.0,563936.0,True
307,Diego,Silva,diego.silva307@mail.cl,M,2025-04-19,RM,Chile,68.0,2458295.0,True
308,Daniela,González,daniela.gonzález308@mail.cl,M,2025-08-16,Coquimbo,Chile,28.0,701139.0,True
309,Pedro,Santelices,pedro.santelices309@mail.cl,M,2025-09-18,RM,Chile,22.0,1129085.0,False
310,Catalina,Silva,catalina.silva310@mail.cl,F,2025-08-08,Coquimbo,Chile,34.0,648702.0,False
311,Catalina,Silva,catalina.silva311@mail.cl,M,2025-02-18,Araucanía,Chile,53.0,1646237.0,False
312,Constanza,Martínez,constanza.martínez312@mail.cl,M,2025-09-12,Araucanía,Chile,67.0,2381865.0,True
313,Camila,Araya,camila.araya313@mail.cl,M,2025-06-30,Araucanía,Chile,49.0,612990.0,False
314,Catalina,Araya,catalina.araya314@mail.cl,F,2025-07-02,RM,Chile,26.0,915384.0,False
315,Andrés,Espinoza,andrés.espinoza315@mail.cl,F,2025-08-01,RM,Chile,61.0,1379903.0,True
316,Constanza,González,constanza.gonzález316@mail.cl,F,2025-08-10,Araucanía,Chile,56.0,1886992.0,False
317,Sebastián,Valenzuela,sebastián.valenzuela317@mail.cl,F,2025-05-06,Valparaíso,Chile,25.0,1122893.0,False
318,Constanza,Santelices,constanza.santelices318@mail.cl,M,2025-03-27,Valparaíso,Chile,39.0,1765898.0,True
319,Valentina,Araya,valentina.araya319@mail.cl,M,2025-08-01,Valparaíso,Chile,32.0,817875.0,True
320,María,Valenzuela,maría.valenzuela320@mail.cl,M,2026-01-13,Coquimbo,Chile,39.0,1552330.0,True
321,Rodrigo,González,rodrigo.gonzález321@mail.cl,F,2025-01-23,Valparaíso,Chile,46.0,1464163.0,True
322,Carolina,Valenzuela,carolina.valenzuela322@mail.cl,M,2025-12-28,Biobío,Chile,33.0,1482599.0,True
323,Carolina,Pérez,carolina.pérez323@mail.cl,M,2025-08-12,Araucanía,Chile,59.0,1933441.0,True
324,Sebastián,López,sebastián.lópez324@mail.cl,M,2025-03-07,Valparaíso,Chile,44.5,1616271.0,True
325,Sebastián,Díaz,sebastián.díaz325@mail.cl,F,2025-02-23,RM,Chile,29.0,1051120.0,False
326,Constanza,Martínez,constanza.martínez326@mail.cl,F,2025-08-31,Biobío,Chile,48.0,2340118.0,False
327,Daniela,Rodriguez,daniela.rodriguez327@mail.cl,M,2025-05-12,RM,Chile,37.0,1042601.0,False
328,Valentina,Rodriguez,valentina.rodriguez328@mail.cl,F,2025-12-25,RM,Chile,38.0,1628649.0,False
329,Constanza,Díaz,constanza.díaz329@mail.cl,F,2025-04-29,Biobío,Chile,24.0,568099.0,True
330,Constanza,Rodriguez,constanza.rodriguez330@mail.cl,F,2025-09-11,RM,Chile,41.0,1352129.0,False
331,María,Rodriguez,maría.rodriguez331@mail.cl,M,2025-11-15,RM,Chile,63.0,817650.0,False
332,Daniela,Flores,daniela.flores332@mail.cl,F,2025-12-22,Biobío,Chile,36.0,1606351.0,True
333,Camila,Espinoza,camila.espinoza333@mail.cl,M,2025-11-15,Valparaíso,Chile,69.0,681360.0,True
334,Carolina,Morales,carolina.morales334@mail.cl,M,2026-02-14,Araucanía,Chile,50.0,2001584.0,False
335,Camila,Díaz,camila.díaz335@mail.cl,F,2025-02-16,RM,Chile,31.0,1141147.0,True
336,Felipe,Martínez,felipe.martínez336@mail.cl,F,2025-03-02,Coquimbo,Chile,27.0,665937.0,True
337,Rodrigo,Morales,rodrigo.morales337@mail.cl,M,2025-07-17,Coquimbo,Chile,34.0,2294042.0,True
338,Pedro,Pérez,pedro.pérez338@mail.cl,M,2025-03-10,RM,Chile,46.0,1818719.0,True
339,Camila,González,camila.gonzález339@mail.cl,M,2025-03-11,Coquimbo,Chile,43.0,650787.0,False
340,Felipe,Santelices,felipe.santelices340@mail.cl,F,2025-04-10,Antofagasta,Chile,23.0,1150024.0,False
341,Constanza,Araya,constanza.araya341@mail.cl,F,2025-06-01,RM,Chile,42.0,807747.0,True
342,Constanza,Silva,constanza.silva342@mail.cl,F,2025-06-12,RM,Chile,45.0,573997.0,False
343,Francisca,Soto,francisca.soto343@mail.cl,M,2025-02-13,Coquimbo,Chile,26.0,1644620.0,False
344,Daniela,Morales,daniela.morales344@mail.cl,F,2025-01-21,Valparaíso,Chile,21.0,1565649.0,True
345,Andrés,Santelices,andrés.santelices345@mail.cl,F,2025-09-05,Antofagasta,Chile,28.0,566707.0,False
346,Josefa,Santelices,josefa.santelices346@mail.cl,M,2025-05-22,RM,Chile,54.0,1960537.0,True
347,María,Pérez,maría.pérez347@mail.cl,M,2025-11-01,Valparaíso,Chile,36.0,950930.0,True
348,Diego,Araya,diego.araya348@mail.cl,M,2025-04-27,RM,Chile,21.0,591006.0,False
349,Sebastián,Santelices,sebastián.santelices349@mail.cl,F,2025-03-02,Coquimbo,Chile,51.0,1227067.0,False
350,Andrés,Martínez,andrés.martínez350@mail.cl,M,2025-07-17,Valparaíso,Chile,51.0,1879904.0,False
351,Diego,Pérez,diego.pérez351@mail.cl,F,2025-11-26,Valparaíso,Chile,51.0,1232303.0,False
352,Pedro,Flores,pedro.flores352@mail.cl,M,2025-10-21,Coquimbo,Chile,27.0,648066.0,False
353,Pedro,Valenzuela,pedro.valenzuela353@mail.cl,M,2025-01-20,RM,Chile,43.0,1088158.0,False
354,Constanza,Díaz,constanza.díaz354@mail.cl,F,2025-03-20,RM,Chile,39.0,2481019.0,False
355,Andrés,Flores,andrés.flores355@mail.cl,M,2025-03-07,Coquimbo,Chile,42.0,2226199.0,False
356,Pedro,Silva,pedro.silva356@mail.cl,F,2025-09-19,Coquimbo,Chile,56.0,679635.0,True
357,Sebastián,Morales,sebastián.morales357@mail.cl,F,2025-09-24,RM,Chile,29.0,1464163.0,False
358,Daniela,Araya,daniela.araya358@mail.cl,F,2025-03-13,Biobío,Chile,26.0,2487118.0,True
359,Catalina,Espinoza,catalina.espinoza359@mail.cl,F,2025-09-25,Coquimbo,Chile,19.0,2026534.0,False
360,Pedro,Flores,pedro.flores360@mail.cl,M,2025-08-08,Antofagasta,Chile,18.0,1275158.0,False
361,Daniela,Pérez,daniela.pérez361@mail.cl,F,2025-09-17,Valparaíso,Chile,47.0,773349.0,False
362,Valentina,Rodriguez,valentina.rodriguez362@mail.cl,F,2025-01-16,RM,Chile,18.0,1704798.0,True
363,Felipe,Pérez,felipe.pérez363@mail.cl,M,2025-04-12,Valparaíso,Chile,48.0,2099034.0,True
364,Catalina,Morales,catalina.morales364@mail.cl,M,2025-10-08,Coquimbo,Chile,37.0,1021121.0,False
365,Constanza,Espinoza,constanza.espinoza365@mail.cl,M,2025-09-22,Araucanía,Chile,69.0,1527557.0,False
366,Valentina,Rodriguez,valentina.rodriguez366@mail.cl,F,2025-12-30,RM,Chile,61.0,912104.0,True
367,Daniela,Muñoz,daniela.muñoz367@mail.cl,F,2025-10-04,Biobío,Chile,45.0,1765399.0,False
368,Constanza,González,constanza.gonzález368@mail.cl,M,2026-02-20,Coquimbo,Chile,64.0,1970801.0,False
369,Andrés,Martínez,andrés.martínez369@mail.cl,M,2025-11-21,Valparaíso,Chile,61.0,911274.0,False
370,Josefa,Morales,josefa.morales370@mail.cl,M,2025-03-07,RM,Chile,52.0,1754311.0,False
371,Carolina,Valenzuela,carolina.valenzuela371@mail.cl,M,2025-01-01,RM,Chile,25.0,2240534.0,True
372,Catalina,Valenzuela,catalina.valenzuela372@mail.cl,M,2025-10-21,Valparaíso,Chile,32.0,1539550.0,True
373,Pedro,Martínez,pedro.martínez373@mail.cl,M,2025-02-08,Coquimbo,Chile,26.0,2052226.0,False
374,Rodrigo,Valenzuela,rodrigo.valenzuela374@mail.cl,F,2026-01-27,Valparaíso,Chile,40.0,1083098.0,True
375,María,Silva,maría.silva375@mail.cl,F,2026-01-08,Coquimbo,Chile,52.0,1202098.0,False
376,Josefa,Espinoza,josefa.espinoza376@mail.cl,M,2025-12-10,Coquimbo,Chile,31.0,963001.0,False
377,Felipe,Soto,felipe.soto377@mail.cl,F,2026-01-03,Valparaíso,Chile,59.0,914994.0,True
378,Carolina,Díaz,carolina.díaz378@mail.cl,M,2025-09-08,Araucanía,Chile,36.0,1338574.0,False
379,Constanza,Silva,constanza.silva379@mail.cl,F,2025-10-13,RM,Chile,26.0,1346143.0,True
380,Daniela,Díaz,daniela.díaz380@mail.cl,M,2025-11-30,Biobío,Chile,47.0,1253704.0,False
381,Andrés,Díaz,andrés.díaz381@mail.cl,F,2025-04-20,Antofagasta,Chile,39.0,1413320.0,False
382,Josefa,Valenzuela,josefa.valenzuela382@mail.cl,M,2026-02-17,Coquimbo,Chile,47.0,1733954.0,True
383,Catalina,Espinoza,catalina.espinoza383@mail.cl,F,2025-10-31,RM,Chile,37.0,544900.0,True
384,Carolina,González,carolina.gonzález384@mail.cl,M,2026-01-04,RM,Chile,52.0,1295600.0,False
385,Daniela,González,daniela.gonzález385@mail.cl,F,2025-11-28,Coquimbo,Chile,29.0,833997.0,True
386,Josefa,Martínez,josefa.martínez386@mail.cl,M,2025-08-20,Antofagasta,Chile,38.0,2424914.0,False
387,Camila,Martínez,camila.martínez387@mail.cl,M,2025-12-14,Valparaíso,Chile,45.0,1778723.0,False
388,Carolina,Flores,carolina.flores388@mail.cl,M,2026-02-03,Valparaíso,Chile,44.0,2346198.0,True
389,Juan,Silva,juan.silva389@mail.cl,M,2026-01-18,Coquimbo,Chile,34.0,1424220.0,False
390,Valentina,López,valentina.lópez390@mail.cl,M,2025-04-03,RM,Chile,62.0,961552.0,True
391,Daniela,Espinoza,daniela.espinoza391@mail.cl,M,2025-06-26,Coquimbo,Chile,30.0,2159580.0,False
392,Juan,Espinoza,juan.espinoza392@mail.cl,M,2025-12-19,RM,Chile,43.0,2431046.0,True
393,Diego,González,diego.gonzález393@mail.cl,F,2025-08-21,Coquimbo,Chile,26.0,1685111.0,True
394,Juan,Martínez,juan.martínez394@mail.cl,M,2025-07-02,RM,Chile,58.0,2094918.0,True
395,Catalina,Morales,catalina.morales395@mail.cl,F,2025-02-15,Araucanía,Chile,62.0,692512.0,False
396,Carolina,Rodriguez,carolina.rodriguez396@mail.cl,F,2025-04-19,Antofagasta,Chile,29.0,1751772.0,False
397,Juan,Flores,juan.flores397@mail.cl,F,2026-01-08,Araucanía,Chile,42.0,1234042.0,False
398,Felipe,Espinoza,felipe.espinoza398@mail.cl,M,2025-12-06,Biobío,Chile,35.0,1988529.0,False
399,Camila,Espinoza,camila.espinoza399@mail.cl,M,2025-05-27,Coquimbo,Chile,64.0,510651.0,False
400,Camila,González,camila.gonzález400@mail.cl,M,2025-02-10,Coquimbo,Chile,56.0,833569.0,True
401,Rodrigo,Martínez,rodrigo.martínez401@mail.cl,F,2025-09-23,RM,Chile,31.0,2019825.0,True
402,Valentina,Martínez,valentina.martínez402@mail.cl,M,2025-06-04,RM,Chile,19.0,1386364.0,False
403,Pedro,Espinoza,pedro.espinoza403@mail.cl,F,2025-09-25,Biobío,Chile,52.0,1026570.0,True
404,Felipe,Flores,felipe.flores404@mail.cl,M,2025-02-18,RM,Chile,48.0,1785016.0,True
405,Daniela,Martínez,daniela.martínez405@mail.cl,F,2025-05-26,Biobío,Chile,53.0,1464163.0,True
406,Felipe,Martínez,felipe.martínez406@mail.cl,M,2025-12-30,Antofagasta,Chile,51.0,2435135.0,True
407,Pedro,Araya,pedro.araya407@mail.cl,F,2025-12-26,Antofagasta,Chile,28.0,1219407.0,False
408,Francisca,Morales,francisca.morales408@mail.cl,M,2025-06-16,RM,Chile,51.0,2030295.0,False
409,Diego,Santelices,diego.santelices409@mail.cl,F,2025-02-16,RM,Chile,37.0,2275378.0,True
410,Francisca,Araya,francisca.araya410@mail.cl,F,2025-05-06,Valparaíso,Chile,28.0,1283152.0,True
411,Valentina,Pérez,valentina.pérez411@mail.cl,F,2025-07-23,RM,Chile,55.0,2167904.0,True
412,Camila,González,camila.gonzález412@mail.cl,M,2025-12-10,Araucanía,Chile,20.0,1145194.0,True
413,Camila,López,camila.lópez413@mail.cl,M,2026-01-27,RM,Chile,59.0,2281298.0,False
414,Valentina,Morales,valentina.morales414@mail.cl,M,2025-05-02,Coquimbo,Chile,54.0,2013641.0,False
415,Diego,Rodriguez,diego.rodriguez415@mail.cl,M,2026-01-09,Coquimbo,Chile,66.0,1836092.0,True
416,Andrés,Valenzuela,andrés.valenzuela416@mail.cl,F,2025-10-05,RM,Chile,21.0,1052004.0,True
417,Sebastián,González,sebastián.gonzález417@mail.cl,M,2025-12-09,Coquimbo,Chile,68.0,1481890.0,False
418,María,Flores,maría.flores418@mail.cl,M,2025-01-21,RM,Chile,61.0,1024426.0,True
419,Camila,Rodriguez,camila.rodriguez419@mail.cl,M,2025-04-21,Coquimbo,Chile,51.0,1051050.0,False
420,Pedro,Flores,pedro.flores420@mail.cl,M,2025-08-02,Valparaíso,Chile,41.0,736281.0,True
421,Diego,Santelices,diego.santelices421@mail.cl,M,2026-02-06,RM,Chile,53.0,1378453.0,True
422,Josefa,Morales,josefa.morales422@mail.cl,M,2025-02-16,Coquimbo,Chile,29.0,2148885.0,True
423,Valentina,Morales,valentina.morales423@mail.cl,M,2025-01-20,RM,Chile,58.0,1090381.0,False
424,Carolina,Soto,carolina.soto424@mail.cl,M,2025-04-18,Araucanía,Chile,61.0,1473619.0,False
425,Valentina,Valenzuela,valentina.valenzuela425@mail.cl,M,2025-08-04,RM,Chile,40.0,1831598.0,True
426,Andrés,Martínez,andrés.martínez426@mail.cl,M,2026-01-14,Coquimbo,Chile,44.0,2036081.0,False
427,Pedro,Valenzuela,pedro.valenzuela427@mail.cl,M,2026-02-04,Coquimbo,Chile,65.0,625438.0,True
428,Daniela,Díaz,daniela.díaz428@mail.cl,M,2026-02-01,Coquimbo,Chile,25.0,2415026.0,True
429,Valentina,Rodriguez,valentina.rodriguez429@mail.cl,M,2026-01-31,RM,Chile,33.0,2172305.0,False
430,Valentina,Flores,valentina.flores430@mail.cl,F,2025-10-25,Valparaíso,Chile,38.0,1861871.0,False
431,María,Martínez,maría.martínez431@mail.cl,F,2025-08-10,Valparaíso,Chile,64.0,1838530.0,True
432,María,Silva,maría.silva432@mail.cl,F,2025-05-15,Biobío,Chile,20.0,828768.0,False
433,Sebastián,Pérez,sebastián.pérez433@mail.cl,M,,RM,Chile,22.0,1141211.0,False
434,Sebastián,Valenzuela,sebastián.valenzuela434@mail.cl,M,2025-04-14,Biobío,Chile,40.0,1887784.0,False
435,Constanza,Espinoza,constanza.espinoza435@mail.cl,F,2025-03-16,Valparaíso,Chile,52.0,1797991.0,True
436,Constanza,Araya,constanza.araya436@mail.cl,M,2025-03-02,Araucanía,Chile,44.5,996762.0,False
437,Catalina,Muñoz,catalina.muñoz437@mail.cl,F,2026-01-16,RM,Chile,55.0,2309595.0,False
438,María,López,maría.lópez438@mail.cl,M,2025-10-17,Valparaíso,Chile,56.0,2334434.0,False
439,Felipe,Espinoza,felipe.espinoza439@mail.cl,F,2026-01-29,Coquimbo,Chile,56.0,2058068.0,True
440,Juan,González,juan.gonzález440@mail.cl,M,2025-02-22,RM,Chile,36.0,2031192.0,True
441,Valentina,Valenzuela,valentina.valenzuela441@mail.cl,M,2026-01-10,Valparaíso,Chile,27.0,1113859.0,False
442,Valentina,Díaz,valentina.díaz442@mail.cl,F,2025-02-22,Valparaíso,Chile,41.0,2301038.0,False
443,Constanza,Valenzuela,constanza.valenzuela443@mail.cl,F,2025-01-12,RM,Chile,44.5,905453.0,False
444,María,Silva,maría.silva444@mail.cl,F,2025-02-18,Valparaíso,Chile,32.0,1398488.0,True
445,Juan,López,juan.lópez445@mail.cl,M,2025-10-21,RM,Chile,34.0,1314422.0,False
446,María,Silva,maría.silva446@mail.cl,M,2026-01-29,RM,Chile,45.0,1916842.0,True
447,Juan,Morales,juan.morales447@mail.cl,M,2026-01-04,Coquimbo,Chile,53.0,2482289.0,True
448,Pedro,Flores,pedro.flores448@mail.cl,M,2025-06-28,Antofagasta,Chile,54.0,1788592.0,False
449,Felipe,López,felipe.lópez449@mail.cl,M,2025-04-30,RM,Chile,27.0,2406862.0,True
450,Diego,Pérez,diego.pérez450@mail.cl,M,2026-02-13,Valparaíso,Chile,28.0,882736.0,False
451,Josefa,Martínez,josefa.martínez451@mail.cl,F,2025-07-30,RM,Chile,29.0,2401860.0,False
452,Juan,Pérez,juan.pérez452@mail.cl,F,2025-02-10,Araucanía,Chile,52.0,1273422.0,False
453,María,Espinoza,maría.espinoza453@mail.cl,M,2025-01-13,RM,Chile,35.0,1838084.0,True
454,Camila,Valenzuela,camila.valenzuela454@mail.cl,F,2025-11-06,RM,Chile,39.0,2255104.0,False
455,Rodrigo,Santelices,rodrigo.santelices455@mail.cl,M,2025-09-21,RM,Chile,24.0,1513539.0,False
456,Pedro,Araya,pedro.araya456@mail.cl,F,2025-11-06,Valparaíso,Chile,18.0,836227.0,True
457,Carolina,Morales,carolina.morales457@mail.cl,M,2026-02-23,Valparaíso,Chile,27.0,1997652.0,False
458,Josefa,Pérez,josefa.pérez458@mail.cl,F,2025-10-07,RM,Chile,19.0,1722613.0,True
459,Camila,Espinoza,camila.espinoza459@mail.cl,F,2025-04-12,RM,Chile,34.0,1806379.0,False
460,Camila,Silva,camila.silva460@mail.cl,M,2026-01-26,Coquimbo,Chile,55.0,938080.0,False
461,Felipe,Araya,felipe.araya461@mail.cl,F,2025-07-05,Biobío,Chile,29.0,766010.0,False
462,Diego,López,diego.lópez462@mail.cl,M,2025-05-14,RM,Chile,24.0,2486527.0,False
463,Diego,Martínez,diego.martínez463@mail.cl,M,2025-11-09,Valparaíso,Chile,29.0,2119471.0,False
464,Andrés,Pérez,andrés.pérez464@mail.cl,F,2026-02-20,Coquimbo,Chile,26.0,879039.0,True
465,Daniela,González,daniela.gonzález465@mail.cl,M,2025-08-02,Biobío,Chile,44.5,676743.0,True
466,Rodrigo,Martínez,rodrigo.martínez466@mail.cl,M,2025-03-20,RM,Chile,40.0,1597643.0,False
467,Camila,López,camila.lópez467@mail.cl,F,2025-04-06,Araucanía,Chile,37.0,709329.0,True
468,Josefa,Araya,josefa.araya468@mail.cl,F,2025-07-18,RM,Chile,59.0,839384.0,False
469,Sebastián,López,sebastián.lópez469@mail.cl,M,2025-06-30,Coquimbo,Chile,25.0,1412743.0,False
470,Josefa,Valenzuela,josefa.valenzuela470@mail.cl,F,2026-02-16,Valparaíso,Chile,69.0,2329989.0,False
471,Valentina,Araya,valentina.araya471@mail.cl,M,2025-08-30,Antofagasta,Chile,43.0,1918992.0,False
472,Diego,Díaz,diego.díaz472@mail.cl,F,2025-06-10,RM,Chile,67.0,1182405.0,True
473,María,Valenzuela,maría.valenzuela473@mail.cl,F,2025-10-21,Coquimbo,Chile,39.0,981725.0,False
474,Constanza,López,constanza.lópez474@mail.cl,F,2025-01-06,Coquimbo,Chile,46.0,2116391.0,False
475,Rodrigo,Morales,rodrigo.morales475@mail.cl,F,2026-01-13,Biobío,Chile,67.0,1656618.0,True
476,Carolina,Araya,carolina.araya476@mail.cl,F,2025-09-09,RM,Chile,65.0,2321367.0,False
477,Andrés,López,andrés.lópez477@mail.cl,F,2025-03-30,Coquimbo,Chile,35.0,1785138.0,True
478,Felipe,Soto,felipe.soto478@mail.cl,F,,RM,Chile,46.0,1290074.0,True
479,María,González,maría.gonzález479@mail.cl,M,2026-02-03,RM,Chile,25.0,716204.0,False
480,Daniela,Espinoza,daniela.espinoza480@mail.cl,F,2025-02-08,RM,Chile,44.5,938458.0,False
481,Daniela,Muñoz,daniela.muñoz481@mail.cl,F,2025-03-15,Antofagasta,Chile,53.0,911236.0,False
482,Catalina,Araya,catalina.araya482@mail.cl,F,2025-06-19,Biobío,Chile,57.0,2157153.0,True
483,Daniela,Morales,daniela.morales483@mail.cl,F,2025-12-30,Coquimbo,Chile,30.0,2401740.0,False
484,Camila,Martínez,camila.martínez484@mail.cl,F,2026-02-20,RM,Chile,18.0,607096.0,True
485,Felipe,González,felipe.gonzález485@mail.cl,M,2025-06-12,RM,Chile,52.0,1552272.0,True
486,Andrés,López,andrés.lópez486@mail.cl,F,2026-01-29,Valparaíso,Chile,37.0,975828.0,True
487,María,Díaz,maría.díaz487@mail.cl,M,2025-04-26,RM,Chile,40.0,923177.0,True
488,Andrés,Martínez,andrés.martínez488@mail.cl,M,2026-01-22,RM,Chile,51.0,2006295.0,True
489,Sebastián,Flores,sebastián.flores489@mail.cl,F,2025-05-29,RM,Chile,52.0,1215339.0,False
490,Pedro,Rodriguez,pedro.rodriguez490@mail.cl,M,2026-01-07,RM,Chile,43.0,769956.0,True
491,Constanza,Díaz,constanza.díaz491@mail.cl,M,2025-04-26,Coquimbo,Chile,62.0,1831420.0,False
492,Sebastián,Rodriguez,sebastián.rodriguez492@mail.cl,F,2025-11-20,Antofagasta,Chile,32.0,938242.0,True
493,Juan,Rodriguez,juan.rodriguez493@mail.cl,M,2026-02-05,Biobío,Chile,51.0,1044279.0,False
494,Francisca,Díaz,francisca.díaz494@mail.cl,M,2025-06-30,Coquimbo,Chile,69.0,2318902.0,True
495,Diego,Valenzuela,diego.valenzuela495@mail.cl,F,2025-09-06,Coquimbo,Chile,23.0,2369156.0,True
496,Francisca,Silva,francisca.silva496@mail.cl,M,,RM,Chile,20.0,2261663.0,True
497,Valentina,Valenzuela,valentina.valenzuela497@mail.cl,F,2025-08-27,Araucanía,Chile,58.0,1706212.0,True
498,Felipe,López,felipe.lópez498@mail.cl,F,2026-02-17,Antofagasta,Chile,44.0,2400466.0,False
499,Sebastián,Espinoza,sebastián.espinoza499@mail.cl,F,2026-02-08,Antofagasta,Chile,33.0,1968919.0,False
500,Diego,Soto,diego.soto500@mail.cl,M,2025-10-14,RM,Chile,59.0,1945065.0,False
439,Felipe,Espinoza,felipe.espinoza439@mail.cl,F,2026-01-29,Coquimbo,Chile,56.0,2058068.0,True
184,Sebastián,González,sebastián.gonzález184@mail.cl,M,2025-11-01,Araucanía,Chile,41.0,2278627.0,False
196,Rodrigo,Flores,rodrigo.flores196@mail.cl,M,2025-06-17,Antofagasta,Chile,45.0,990042.0,True
103,Pedro,Morales,pedro.morales103@mail.cl,M,2025-02-20,Araucanía,Chile,36.0,557108.0,True
256,Francisca,Muñoz,francisca.muñoz256@mail.cl,F,2025-11-24,Coquimbo,Chile,65.0,1264357.0,False
