cliente_id,nombre,apellido,email,genero,fecha_registro,region,pais,edad,ingreso_mensual,activo,dias_desde_registro,segmento_ingreso,nombre_completo,ingreso_normalizado,grupo_etario
1,Felipe,Díaz,felipe.díaz1@mail.cl,M,2025-01-21,RM,Chile,56,637337,True,375.0,Bajo,Felipe Díaz,0.0674,Senior (+50)
2,Felipe,Morales,felipe.morales2@mail.cl,M,2025-06-01,Antofagasta,Chile,20,829365,True,244.0,Medio,Felipe Morales,0.1639,Joven (18-25)
3,María,Silva,maría.silva3@mail.cl,F,,Araucanía,Chile,50,684779,False,,Bajo,María Silva,0.0912,Adulto (36-50)
4,Valentina,Flores,valentina.flores4@mail.cl,F,2025-06-19,RM,Chile,45,1027035,False,226.0,Medio,Valentina Flores,0.2632,Adulto (36-50)
5,Josefa,Espinoza,josefa.espinoza5@mail.cl,F,2025-02-24,Biobío,Chile,69,1055839,True,341.0,Medio,Josefa Espinoza,0.2776,Senior (+50)
6,Pedro,Pérez,pedro.pérez6@mail.cl,M,2025-10-01,Valparaíso,Chile,21,1819512,False,122.0,Alto,Pedro Pérez,0.6613,Joven (18-25)
7,Constanza,Muñoz,constanza.muñoz7@mail.cl,F,2025-12-06,RM,Chile,45,1406606,False,56.0,Medio,Constanza Muñoz,0.4539,Adulto (36-50)
8,Felipe,Araya,felipe.araya8@mail.cl,M,2025-03-22,Biobío,Chile,53,960337,False,315.0,Medio,Felipe Araya,0.2297,Senior (+50)
9,Camila,Muñoz,camila.muñoz9@mail.cl,F,2025-11-06,Coquimbo,Chile,44,1987550,False,86.0,Alto,Camila Muñoz,0.7457,Adulto (36-50)
10,Francisca,Araya,francisca.araya10@mail.cl,F,2026-01-31,RM,Chile,44,2084398,False,0.0,Alto,Francisca Araya,0.7944,Adulto (36-50)
11,Constanza,Santelices,constanza.santelices11@mail.cl,F,2025-07-27,RM,Chile,62,2015857,True,188.0,Alto,Constanza Santelices,0.7599,Senior (+50)
12,Diego,Silva,diego.silva12@mail.cl,F,2025-02-10,Araucanía,Chile,46,2386222,True,355.0,Alto,Diego Silva,0.946,Adulto (36-50)
13,Juan,Martínez,juan.martínez13@mail.cl,M,2025-05-16,Coquimbo,Chile,41,2252126,True,260.0,Alto,Juan Martínez,0.8786,Adulto (36-50)
14,Pedro,González,pedro.gonzález14@mail.cl,F,2025-09-18,Valparaíso,Chile,59,788998,False,135.0,Bajo,Pedro González,0.1436,Senior (+50)
15,Sebastián,Araya,sebastián.araya15@mail.cl,M,2025-02-02,Antofagasta,Chile,65,1413910,True,363.0,Medio,Sebastián Araya,0.4575,Senior (+50)
16,Constanza,Silva,constanza.silva16@mail.cl,M,2025-02-04,Valparaíso,Chile,18,991234,True,361.0,Medio,Constanza Silva,0.2452,Joven (18-25)
17,Josefa,Espinoza,josefa.espinoza17@mail.cl,M,2025-09-12,Biobío,Chile,31,1115270,True,141.0,Medio,Josefa Espinoza,0.3075,Adulto Joven (26-35)
18,Sebastián,Valenzuela,sebastián.valenzuela18@mail.cl,M,2025-06-28,RM,Chile,49,1272838,True,217.0,Medio,Sebastián Valenzuela,0.3867,Adulto (36-50)
19,Camila,Flores,camila.flores19@mail.cl,F,2025-08-19,Valparaíso,Chile,62,1746862,True,165.0,Alto,Camila Flores,0.6248,Senior (+50)
20,Rodrigo,Díaz,rodrigo.díaz20@mail.cl,M,2025-03-27,RM,Chile,45,543585,False,310.0,Bajo,Rodrigo Díaz,0.0203,Adulto (36-50)
21,Rodrigo,Espinoza,rodrigo.espinoza21@mail.cl,M,2025-04-18,RM,Chile,61,525939,False,288.0,Bajo,Rodrigo Espinoza,0.0114,Senior (+50)
22,Constanza,Morales,constanza.morales22@mail.cl,F,2026-02-08,Biobío,Chile,50,1185440,True,-8.0,Medio,Constanza Morales,0.3428,Adulto (36-50)
23,Andrés,Espinoza,andrés.espinoza23@mail.cl,M,2026-02-08,Biobío,Chile,23,521959,True,-8.0,Bajo,Andrés Espinoza,0.0094,Joven (18-25)
24,Sebastián,Espinoza,sebastián.espinoza24@mail.cl,M,2025-06-01,Valparaíso,Chile,32,1884250,False,244.0,Alto,Sebastián Espinoza,0.6938,Adulto Joven (26-35)
25,Catalina,Silva,catalina.silva25@mail.cl,M,2025-02-21,Coquimbo,Chile,29,1863453,True,344.0,Alto,Catalina Silva,0.6834,Adulto Joven (26-35)
26,María,Rodriguez,maría.rodriguez26@mail.cl,M,2026-02-18,RM,Chile,19,1520545,False,-18.0,Alto,María Rodriguez,0.5111,Joven (18-25)
27,Valentina,Santelices,valentina.santelices27@mail.cl,M,2025-05-06,RM,Chile,19,1242452,False,270.0,Medio,Valentina Santelices,0.3714,Joven (18-25)
28,Francisca,Soto,francisca.soto28@mail.cl,F,2025-07-03,Coquimbo,Chile,34,1311774,False,212.0,Medio,Francisca Soto,0.4062,Adulto Joven (26-35)
29,Daniela,Pérez,daniela.pérez29@mail.cl,F,2025-08-28,Araucanía,Chile,33,1966976,True,156.0,Alto,Daniela Pérez,0.7354,Adulto Joven (26-35)
30,Carolina,Morales,carolina.morales30@mail.cl,F,2026-02-05,Valparaíso,Chile,36,1410681,True,-5.0,Medio,Carolina Morales,0.4559,Adulto (36-50)
31,Josefa,Rodriguez,josefa.rodriguez31@mail.cl,F,2025-05-08,Valparaíso,Chile,56,1387121,False,268.0,Medio,Josefa Rodriguez,0.4441,Senior (+50)
32,Juan,Morales,juan.morales32@mail.cl,F,2025-10-25,Valparaíso,Chile,52,647718,False,98.0,Bajo,Juan Morales,0.0726,Senior (+50)
33,Catalina,López,catalina.lópez33@mail.cl,F,2025-01-02,Coquimbo,Chile,18,1914447,False,394.0,Alto,Catalina López,0.709,Joven (18-25)
34,Carolina,Pérez,carolina.pérez34@mail.cl,M,2025-08-21,Antofagasta,Chile,52,1198002,False,163.0,Medio,Carolina Pérez,0.3491,Senior (+50)
35,Catalina,Rodriguez,catalina.rodriguez35@mail.cl,F,2025-04-26,Antofagasta,Chile,28,878480,False,280.0,Medio,Catalina Rodriguez,0.1885,Adulto Joven (26-35)
36,Camila,Soto,camila.soto36@mail.cl,F,,Valparaíso,Chile,52,633272,True,,Bajo,Camila Soto,0.0654,Senior (+50)
37,María,Espinoza,maría.espinoza37@mail.cl,F,2025-06-18,Coquimbo,Chile,53,1638848,False,227.0,Alto,María Espinoza,0.5705,Senior (+50)
38,Juan,Espinoza,juan.espinoza38@mail.cl,M,2025-05-15,RM,Chile,20,2159280,False,261.0,Alto,Juan Espinoza,0.832,Joven (18-25)
39,Juan,Araya,juan.araya39@mail.cl,M,2025-08-26,RM,Chile,47,2021701,False,158.0,Alto,Juan Araya,0.7629,Adulto (36-50)
40,Rodrigo,Rodriguez,rodrigo.rodriguez40@mail.cl,F,2025-10-04,Antofagasta,Chile,47,860032,False,119.0,Medio,Rodrigo Rodriguez,0.1793,Adulto (36-50)
41,Josefa,González,josefa.gonzález41@mail.cl,M,2025-01-04,RM,Chile,52,2444624,False,392.0,Alto,Josefa González,0.9754,Senior (+50)
42,Juan,Araya,juan.araya42@mail.cl,F,2025-01-06,Coquimbo,Chile,52,1187995,True,390.0,Medio,Juan Araya,0.344,Senior (+50)
43,Diego,Silva,diego.silva43@mail.cl,M,2026-02-04,Coquimbo,Chile,50,1148307,True,-4.0,Medio,Diego Silva,0.3241,Adulto (36-50)
44,Rodrigo,Pérez,rodrigo.pérez44@mail.cl,F,2025-05-08,Antofagasta,Chile,35,1189944,False,268.0,Medio,Rodrigo Pérez,0.345,Adulto Joven (26-35)
45,Josefa,Soto,josefa.soto45@mail.cl,F,2025-04-24,Araucanía,Chile,49,1552590,False,282.0,Alto,Josefa Soto,0.5272,Adulto (36-50)
46,Felipe,Muñoz,felipe.muñoz46@mail.cl,M,2026-01-17,Coquimbo,Chile,57,1523904,True,14.0,Alto,Felipe Muñoz,0.5128,Senior (+50)
47,Andrés,Soto,andrés.soto47@mail.cl,F,2025-01-26,Coquimbo,Chile,52,1992785,True,370.0,Alto,Andrés Soto,0.7484,Senior (+50)
48,Daniela,Flores,daniela.flores48@mail.cl,F,2025-06-22,Coquimbo,Chile,44,764512,False,223.0,Bajo,Daniela Flores,0.1313,Adulto (36-50)
49,Catalina,Espinoza,catalina.espinoza49@mail.cl,F,2026-01-15,RM,Chile,45,1580673,False,16.0,Alto,Catalina Espinoza,0.5413,Adulto (36-50)
50,Catalina,Santelices,catalina.santelices50@mail.cl,M,2025-03-04,RM,Chile,39,555609,False,333.0,Bajo,Catalina Santelices,0.0263,Adulto (36-50)
51,Valentina,González,valentina.gonzález51@mail.cl,F,2025-04-11,RM,Chile,50,1464163,True,295.0,Medio,Valentina González,0.4828,Adulto (36-50)
52,Carolina,Araya,carolina.araya52@mail.cl,F,2025-12-16,Valparaíso,Chile,64,1760386,True,46.0,Alto,Carolina Araya,0.6316,Senior (+50)
53,Daniela,Díaz,daniela.díaz53@mail.cl,F,2025-06-07,Araucanía,Chile,36,1635248,False,238.0,Alto,Daniela Díaz,0.5687,Adulto (36-50)
54,Josefa,Rodriguez,josefa.rodriguez54@mail.cl,F,2025-04-27,Valparaíso,Chile,40,894366,True,279.0,Medio,Josefa Rodriguez,0.1965,Adulto (36-50)
55,Carolina,Pérez,carolina.pérez55@mail.cl,M,2025-10-17,RM,Chile,49,2211741,False,106.0,Alto,Carolina Pérez,0.8584,Adulto (36-50)
56,Catalina,Martínez,catalina.martínez56@mail.cl,F,2025-07-08,Araucanía,Chile,56,2102239,True,207.0,Alto,Catalina Martínez,0.8033,Senior (+50)
57,Diego,Soto,diego.soto57@mail.cl,M,2025-05-24,Coquimbo,Chile,68,644356,False,252.0,Bajo,Diego Soto,0.0709,Senior (+50)
58,Sebastián,Flores,sebastián.flores58@mail.cl,F,2025-04-04,RM,Chile,63,578781,False,302.0,Bajo,Sebastián Flores,0.038,Senior (+50)
59,Diego,Araya,diego.araya59@mail.cl,F,2025-02-08,RM,Chile,53,2004544,False,357.0,Alto,Diego Araya,0.7543,Senior (+50)
60,Constanza,Pérez,constanza.pérez60@mail.cl,M,2026-02-05,RM,Chile,51,1150419,True,-5.0,Medio,Constanza Pérez,0.3252,Senior (+50)
61,Francisca,López,francisca.lópez61@mail.cl,M,2026-01-05,Coquimbo,Chile,62,1946403,False,26.0,Alto,Francisca López,0.7251,Senior (+50)
62,Daniela,Santelices,daniela.santelices62@mail.cl,F,2025-12-06,RM,Chile,41,2263211,False,56.0,Alto,Daniela Santelices,0.8842,Adulto (36-50)
63,Pedro,Araya,pedro.araya63@mail.cl,M,2025-04-11,Coquimbo,Chile,29,2048098,True,295.0,Alto,Pedro Araya,0.7761,Adulto Joven (26-35)
64,Juan,Silva,juan.silva64@mail.cl,F,2025-01-12,RM,Chile,48,1814093,False,384.0,Alto,Juan Silva,0.6586,Adulto (36-50)
65,Rodrigo,Rodriguez,rodrigo.rodriguez65@mail.cl,F,2025-09-21,Valparaíso,Chile,46,1138873,False,132.0,Medio,Rodrigo Rodriguez,0.3194,Adulto (36-50)
66,Francisca,Espinoza,francisca.espinoza66@mail.cl,F,2025-11-10,RM,Chile,67,657164,True,82.0,Bajo,Francisca Espinoza,0.0774,Senior (+50)
67,Rodrigo,Silva,rodrigo.silva67@mail.cl,F,2026-02-05,Coquimbo,Chile,27,1063044,True,-5.0,Medio,Rodrigo Silva,0.2813,Adulto Joven (26-35)
68,Daniela,Rodriguez,daniela.rodriguez68@mail.cl,M,2025-04-06,Valparaíso,Chile,41,2292662,False,300.0,Alto,Daniela Rodriguez,0.899,Adulto (36-50)
69,Catalina,Pérez,catalina.pérez69@mail.cl,F,2025-08-05,Coquimbo,Chile,52,914568,False,179.0,Medio,Catalina Pérez,0.2067,Senior (+50)
70,Juan,González,juan.gonzález70@mail.cl,F,2025-07-06,Coquimbo,Chile,36,678352,False,209.0,Bajo,Juan González,0.088,Adulto (36-50)
71,Carolina,Flores,carolina.flores71@mail.cl,M,2025-10-11,Biobío,Chile,31,551934,False,112.0,Bajo,Carolina Flores,0.0245,Adulto Joven (26-35)
72,Camila,Rodriguez,camila.rodriguez72@mail.cl,F,2025-04-09,Valparaíso,Chile,29,720184,False,297.0,Bajo,Camila Rodriguez,0.109,Adulto Joven (26-35)
73,Andrés,Pérez,andrés.pérez73@mail.cl,F,2025-02-08,Araucanía,Chile,62,1638356,False,357.0,Alto,Andrés Pérez,0.5703,Senior (+50)
74,Francisca,Santelices,francisca.santelices74@mail.cl,F,2025-08-03,Coquimbo,Chile,46,1913354,True,181.0,Alto,Francisca Santelices,0.7085,Adulto (36-50)
75,María,Valenzuela,maría.valenzuela75@mail.cl,F,2026-01-17,Valparaíso,Chile,55,1025830,False,14.0,Medio,María Valenzuela,0.2626,Senior (+50)
76,Rodrigo,Silva,rodrigo.silva76@mail.cl,F,2026-01-02,RM,Chile,22,1112380,True,29.0,Medio,Rodrigo Silva,0.3061,Joven (18-25)
77,Valentina,Rodriguez,valentina.rodriguez77@mail.cl,F,2025-05-25,RM,Chile,24,1192440,True,251.0,Medio,Valentina Rodriguez,0.3463,Joven (18-25)
78,Camila,Díaz,camila.díaz78@mail.cl,F,2025-12-30,Valparaíso,Chile,56,2191738,False,32.0,Alto,Camila Díaz,0.8483,Senior (+50)
79,Francisca,Rodriguez,francisca.rodriguez79@mail.cl,M,2025-08-30,Coquimbo,Chile,45,1290141,False,154.0,Medio,Francisca Rodriguez,0.3954,Adulto (36-50)
80,Camila,Araya,camila.araya80@mail.cl,F,2025-01-01,RM,Chile,20,2050284,False,395.0,Alto,Camila Araya,0.7772,Joven (18-25)
81,Constanza,Martínez,constanza.martínez81@mail.cl,M,2025-04-27,RM,Chile,23,2009433,False,279.0,Alto,Constanza Martínez,0.7567,Joven (18-25)
82,Rodrigo,Flores,rodrigo.flores82@mail.cl,M,2025-08-01,RM,Chile,28,1231899,True,183.0,Medio,Rodrigo Flores,0.3661,Adulto Joven (26-35)
83,Camila,Rodriguez,camila.rodriguez83@mail.cl,M,2025-08-21,Araucanía,Chile,66,2373421,True,163.0,Alto,Camila Rodriguez,0.9396,Senior (+50)
84,Josefa,González,josefa.gonzález84@mail.cl,M,2025-01-12,Valparaíso,Chile,27,1428479,False,384.0,Medio,Josefa González,0.4649,Adulto Joven (26-35)
85,Daniela,Soto,daniela.soto85@mail.cl,F,2025-05-02,RM,Chile,45,2063299,False,274.0,Alto,Daniela Soto,0.7838,Adulto (36-50)
86,Daniela,López,daniela.lópez86@mail.cl,F,2025-02-10,Coquimbo,Chile,53,2093023,True,355.0,Alto,Daniela López,0.7987,Senior (+50)
87,Valentina,Valenzuela,valentina.valenzuela87@mail.cl,M,2025-08-08,RM,Chile,65,582844,True,176.0,Bajo,Valentina Valenzuela,0.04,Senior (+50)
88,Constanza,Rodriguez,constanza.rodriguez88@mail.cl,M,2025-07-16,RM,Chile,64,1493176,False,199.0,Medio,Constanza Rodriguez,0.4974,Senior (+50)
89,Francisca,Silva,francisca.silva89@mail.cl,F,2025-04-29,Antofagasta,Chile,50,1610389,True,277.0,Alto,Francisca Silva,0.5562,Adulto (36-50)
90,María,Valenzuela,maría.valenzuela90@mail.cl,M,2025-08-05,RM,Chile,39,769114,True,179.0,Bajo,María Valenzuela,0.1336,Adulto (36-50)
91,Juan,Flores,juan.flores91@mail.cl,M,2025-11-07,Coquimbo,Chile,23,1823483,True,85.0,Alto,Juan Flores,0.6633,Joven (18-25)
92,Diego,Valenzuela,diego.valenzuela92@mail.cl,M,2025-02-22,Araucanía,Chile,54,1553385,False,343.0,Alto,Diego Valenzuela,0.5276,Senior (+50)
93,Pedro,González,pedro.gonzález93@mail.cl,M,2025-02-20,Coquimbo,Chile,62,1434604,False,345.0,Medio,Pedro González,0.4679,Senior (+50)
94,Constanza,González,constanza.gonzález94@mail.cl,M,2025-04-05,Biobío,Chile,25,1410886,False,301.0,Medio,Constanza González,0.456,Joven (18-25)
95,Francisca,Muñoz,francisca.muñoz95@mail.cl,F,2025-09-25,Biobío,Chile,18,1140053,False,128.0,Medio,Francisca Muñoz,0.32,Joven (18-25)
96,Diego,Espinoza,diego.espinoza96@mail.cl,F,2025-09-12,Biobío,Chile,64,1039542,True,141.0,Medio,Diego Espinoza,0.2695,Senior (+50)
97,Diego,Pérez,diego.pérez97@mail.cl,F,2025-07-11,Valparaíso,Chile,51,506949,False,204.0,Bajo,Diego Pérez,0.0019,Senior (+50)
98,María,Muñoz,maría.muñoz98@mail.cl,F,2025-11-04,Coquimbo,Chile,55,1474304,False,88.0,Medio,María Muñoz,0.4879,Senior (+50)
99,Josefa,Araya,josefa.araya99@mail.cl,F,2026-01-05,Valparaíso,Chile,46,933027,False,26.0,Medio,Josefa Araya,0.2159,Adulto (36-50)
100,Daniela,González,daniela.gonzález100@mail.cl,F,2025-03-10,Biobío,Chile,51,1359909,True,327.0,Medio,Daniela González,0.4304,Senior (+50)
101,María,Flores,maría.flores101@mail.cl,F,2025-04-21,Valparaíso,Chile,40,998870,False,285.0,Medio,María Flores,0.249,Adulto (36-50)
102,Josefa,Morales,josefa.morales102@mail.cl,F,2025-07-03,Valparaíso,Chile,42,1464163,False,212.0,Medio,Josefa Morales,0.4828,Adulto (36-50)
103,Pedro,Morales,pedro.morales103@mail.cl,M,2025-02-20,Araucanía,Chile,36,557108,True,345.0,Bajo,Pedro Morales,0.0271,Adulto (36-50)
104,María,Araya,maría.araya104@mail.cl,F,2025-01-01,RM,Chile,22,1915400,False,395.0,Alto,María Araya,0.7095,Joven (18-25)
105,Francisca,Espinoza,francisca.espinoza105@mail.cl,F,2025-03-14,RM,Chile,43,903704,True,323.0,Medio,Francisca Espinoza,0.2012,Adulto (36-50)
106,Sebastián,Soto,sebastián.soto106@mail.cl,M,2025-02-17,Coquimbo,Chile,34,595257,False,348.0,Bajo,Sebastián Soto,0.0463,Adulto Joven (26-35)
107,Juan,Silva,juan.silva107@mail.cl,M,2026-02-16,Coquimbo,Chile,39,1688365,False,-16.0,Alto,Juan Silva,0.5954,Adulto (36-50)
108,Carolina,Santelices,carolina.santelices108@mail.cl,F,2025-01-14,Coquimbo,Chile,68,2471206,True,382.0,Alto,Carolina Santelices,0.9887,Senior (+50)
109,Josefa,Santelices,josefa.santelices109@mail.cl,F,2025-10-01,Valparaíso,Chile,55,2178050,True,122.0,Alto,Josefa Santelices,0.8414,Senior (+50)
110,Josefa,Martínez,josefa.martínez110@mail.cl,M,2025-09-30,RM,Chile,56,1948021,False,123.0,Alto,Josefa Martínez,0.7259,Senior (+50)
111,Constanza,Araya,constanza.araya111@mail.cl,M,2025-03-09,Antofagasta,Chile,44,967010,True,328.0,Medio,Constanza Araya,0.233,Adulto (36-50)
112,Rodrigo,Muñoz,rodrigo.muñoz112@mail.cl,M,2025-04-21,Coquimbo,Chile,25,970951,True,285.0,Medio,Rodrigo Muñoz,0.235,Joven (18-25)
113,Carolina,Rodriguez,carolina.rodriguez113@mail.cl,F,2025-10-09,RM,Chile,51,1412826,False,114.0,Medio,Carolina Rodriguez,0.457,Senior (+50)
114,Andrés,Flores,andrés.flores114@mail.cl,F,2025-05-30,Valparaíso,Chile,38,616421,False,246.0,Bajo,Andrés Flores,0.0569,Adulto (36-50)
115,Felipe,Díaz,felipe.díaz115@mail.cl,F,2025-04-05,RM,Chile,41,1707094,True,301.0,Alto,Felipe Díaz,0.6048,Adulto (36-50)
116,Felipe,Rodriguez,felipe.rodriguez116@mail.cl,M,2025-08-11,RM,Chile,23,2195041,False,173.0,Alto,Felipe Rodriguez,0.85,Joven (18-25)
117,Carolina,Morales,carolina.morales117@mail.cl,F,2026-01-30,RM,Chile,55,1299666,False,1.0,Medio,Carolina Morales,0.4001,Senior (+50)
118,Sebastián,Muñoz,sebastián.muñoz118@mail.cl,M,2025-06-22,Coquimbo,Chile,61,637541,False,223.0,Bajo,Sebastián Muñoz,0.0675,Senior (+50)
119,Valentina,Díaz,valentina.díaz119@mail.cl,M,2025-05-20,RM,Chile,64,1354016,False,256.0,Medio,Valentina Díaz,0.4274,Senior (+50)
120,Constanza,Soto,constanza.soto120@mail.cl,M,2026-01-13,Coquimbo,Chile,60,1071650,True,18.0,Medio,Constanza Soto,0.2856,Senior (+50)
121,Valentina,Muñoz,valentina.muñoz121@mail.cl,F,2025-06-21,RM,Chile,19,878892,False,224.0,Medio,Valentina Muñoz,0.1887,Joven (18-25)
122,María,Díaz,maría.díaz122@mail.cl,M,,RM,Chile,28,593070,False,,Bajo,María Díaz,0.0452,Adulto Joven (26-35)
123,Valentina,Santelices,valentina.santelices123@mail.cl,M,2026-02-13,RM,Chile,67,1464163,True,-13.0,Medio,Valentina Santelices,0.4828,Senior (+50)
124,Daniela,Morales,daniela.morales124@mail.cl,M,2025-01-01,RM,Chile,57,2240095,False,395.0,Alto,Daniela Morales,0.8726,Senior (+50)
125,Carolina,Flores,carolina.flores125@mail.cl,F,2025-11-12,Biobío,Chile,47,2328130,True,80.0,Alto,Carolina Flores,0.9168,Adulto (36-50)
126,Diego,Pérez,diego.pérez126@mail.cl,M,2025-05-12,Valparaíso,Chile,42,1562636,False,264.0,Alto,Diego Pérez,0.5323,Adulto (36-50)
127,Sebastián,Muñoz,sebastián.muñoz127@mail.cl,F,2025-10-15,Coquimbo,Chile,68,835484,False,108.0,Medio,Sebastián Muñoz,0.1669,Senior (+50)
128,Juan,Santelices,juan.santelices128@mail.cl,M,2025-08-13,Coquimbo,Chile,64,938774,False,171.0,Medio,Juan Santelices,0.2188,Senior (+50)
129,Constanza,Pérez,constanza.pérez129@mail.cl,F,2025-07-17,RM,Chile,23,1772386,True,198.0,Alto,Constanza Pérez,0.6376,Joven (18-25)
130,Pedro,Silva,pedro.silva130@mail.cl,F,2025-06-06,RM,Chile,50,1607955,False,239.0,Alto,Pedro Silva,0.555,Adulto (36-50)
131,Felipe,Morales,felipe.morales131@mail.cl,F,2025-10-16,Araucanía,Chile,21,781173,False,107.0,Bajo,Felipe Morales,0.1397,Joven (18-25)
132,Francisca,Pérez,francisca.pérez132@mail.cl,M,2025-06-08,Biobío,Chile,64,1620483,True,237.0,Alto,Francisca Pérez,0.5613,Senior (+50)
133,Daniela,Díaz,daniela.díaz133@mail.cl,F,2025-06-06,Coquimbo,Chile,64,1632867,False,239.0,Alto,Daniela Díaz,0.5675,Senior (+50)
134,Rodrigo,Muñoz,rodrigo.muñoz134@mail.cl,M,2025-10-19,Valparaíso,Chile,43,1935434,True,104.0,Alto,Rodrigo Muñoz,0.7195,Adulto (36-50)
135,Diego,Díaz,diego.díaz135@mail.cl,M,2025-05-14,Araucanía,Chile,25,1603894,True,262.0,Alto,Diego Díaz,0.553,Joven (18-25)
136,Francisca,Espinoza,francisca.espinoza136@mail.cl,M,2025-07-29,RM,Chile,42,1170688,True,186.0,Medio,Francisca Espinoza,0.3353,Adulto (36-50)
137,Daniela,Araya,daniela.araya137@mail.cl,M,2025-11-20,Araucanía,Chile,22,1084567,True,72.0,Medio,Daniela Araya,0.2921,Joven (18-25)
138,Daniela,Valenzuela,daniela.valenzuela138@mail.cl,F,2025-02-20,Biobío,Chile,46,1543917,False,345.0,Alto,Daniela Valenzuela,0.5228,Adulto (36-50)
139,Sebastián,Soto,sebastián.soto139@mail.cl,M,2025-12-12,Coquimbo,Chile,44,1727171,False,50.0,Alto,Sebastián Soto,0.6149,Adulto (36-50)
140,Felipe,Martínez,felipe.martínez140@mail.cl,M,2025-05-29,Antofagasta,Chile,64,818408,True,247.0,Medio,Felipe Martínez,0.1584,Senior (+50)
141,Sebastián,López,sebastián.lópez141@mail.cl,F,2025-10-18,Biobío,Chile,69,1729336,False,105.0,Alto,Sebastián López,0.616,Senior (+50)
142,Andrés,Soto,andrés.soto142@mail.cl,F,2025-12-13,Coquimbo,Chile,34,1162143,True,49.0,Medio,Andrés Soto,0.3311,Adulto Joven (26-35)
143,Andrés,Araya,andrés.araya143@mail.cl,M,2025-06-29,RM,Chile,23,1306388,False,216.0,Medio,Andrés Araya,0.4035,Joven (18-25)
144,Juan,González,juan.gonzález144@mail.cl,M,2025-06-05,Coquimbo,Chile,67,2438900,True,240.0,Alto,Juan González,0.9725,Senior (+50)
145,Felipe,González,felipe.gonzález145@mail.cl,F,2025-12-08,Coquimbo,Chile,45,2225502,True,54.0,Alto,Felipe González,0.8653,Adulto (36-50)
146,Daniela,González,daniela.gonzález146@mail.cl,M,2025-08-03,Coquimbo,Chile,68,2359450,False,181.0,Alto,Daniela González,0.9326,Senior (+50)
147,Pedro,Espinoza,pedro.espinoza147@mail.cl,F,2025-10-13,Coquimbo,Chile,33,2166471,True,110.0,Alto,Pedro Espinoza,0.8356,Adulto Joven (26-35)
148,María,González,maría.gonzález148@mail.cl,F,2025-04-23,Valparaíso,Chile,67,2346493,False,283.0,Alto,María González,0.9261,Senior (+50)
149,Pedro,Valenzuela,pedro.valenzuela149@mail.cl,F,2026-02-08,RM,Chile,20,1627199,False,-8.0,Alto,Pedro Valenzuela,0.5647,Joven (18-25)
150,Francisca,Rodriguez,francisca.rodriguez150@mail.cl,F,2026-02-24,Coquimbo,Chile,45,2361407,False,-24.0,Alto,Francisca Rodriguez,0.9335,Adulto (36-50)
151,Felipe,Flores,felipe.flores151@mail.cl,F,2025-09-12,RM,Chile,25,949589,True,141.0,Medio,Felipe Flores,0.2243,Joven (18-25)
152,Josefa,Pérez,josefa.pérez152@mail.cl,M,2025-09-21,Antofagasta,Chile,51,1097794,False,132.0,Medio,Josefa Pérez,0.2987,Senior (+50)
153,Daniela,Espinoza,daniela.espinoza153@mail.cl,F,2026-01-04,Antofagasta,Chile,69,1464163,False,27.0,Medio,Daniela Espinoza,0.4828,Senior (+50)
154,Diego,Espinoza,diego.espinoza154@mail.cl,M,2025-11-26,RM,Chile,24,778176,True,66.0,Bajo,Diego Espinoza,0.1381,Joven (18-25)
155,Diego,Rodriguez,diego.rodriguez155@mail.cl,F,2025-07-07,RM,Chile,35,901921,True,208.0,Medio,Diego Rodriguez,0.2003,Adulto Joven (26-35)
156,Josefa,Pérez,josefa.pérez156@mail.cl,F,2026-01-03,RM,Chile,40,707990,False,28.0,Bajo,Josefa Pérez,0.1029,Adulto (36-50)
157,Camila,Pérez,camila.pérez157@mail.cl,M,2025-08-14,Coquimbo,Chile,61,1669250,False,170.0,Alto,Camila Pérez,0.5858,Senior (+50)
158,Francisca,Soto,francisca.soto158@mail.cl,F,2026-02-25,RM,Chile,63,2056182,False,-25.0,Alto,Francisca Soto,0.7802,Senior (+50)
159,Catalina,González,catalina.gonzález159@mail.cl,F,2025-02-09,RM,Chile,19,1262092,True,356.0,Medio,Catalina González,0.3813,Joven (18-25)
160,Felipe,Martínez,felipe.martínez160@mail.cl,F,2025-06-03,Valparaíso,Chile,46,1756556,False,242.0,Alto,Felipe Martínez,0.6297,Adulto (36-50)
161,Felipe,Pérez,felipe.pérez161@mail.cl,M,2025-02-11,Biobío,Chile,53,688456,False,354.0,Bajo,Felipe Pérez,0.0931,Senior (+50)
162,María,González,maría.gonzález162@mail.cl,M,2026-01-23,Valparaíso,Chile,44,2089589,True,8.0,Alto,María González,0.797,Adulto (36-50)
163,Andrés,Martínez,andrés.martínez163@mail.cl,M,2025-09-25,Antofagasta,Chile,62,1072212,True,128.0,Medio,Andrés Martínez,0.2859,Senior (+50)
164,Francisca,Flores,francisca.flores164@mail.cl,M,2025-05-02,Coquimbo,Chile,63,890719,False,274.0,Medio,Francisca Flores,0.1947,Senior (+50)
165,Carolina,Soto,carolina.soto165@mail.cl,M,2025-10-09,RM,Chile,46,1081780,True,114.0,Medio,Carolina Soto,0.2907,Adulto (36-50)
166,Daniela,Morales,daniela.morales166@mail.cl,F,2025-08-20,Antofagasta,Chile,52,878165,False,164.0,Medio,Daniela Morales,0.1884,Senior (+50)
167,Felipe,Valenzuela,felipe.valenzuela167@mail.cl,F,2025-10-16,Araucanía,Chile,53,1754126,False,107.0,Alto,Felipe Valenzuela,0.6285,Senior (+50)
168,Pedro,Rodriguez,pedro.rodriguez168@mail.cl,F,2025-07-20,RM,Chile,43,999137,True,195.0,Medio,Pedro Rodriguez,0.2492,Adulto (36-50)
169,Sebastián,Martínez,sebastián.martínez169@mail.cl,F,2025-04-14,Valparaíso,Chile,59,1397048,True,292.0,Medio,Sebastián Martínez,0.4491,Senior (+50)
170,Pedro,Rodriguez,pedro.rodriguez170@mail.cl,F,2025-04-12,Biobío,Chile,51,785195,True,294.0,Bajo,Pedro Rodriguez,0.1417,Senior (+50)
171,Diego,Araya,diego.araya171@mail.cl,M,2025-11-26,Antofagasta,Chile,66,819278,False,66.0,Medio,Diego Araya,0.1588,Senior (+50)
172,Constanza,Silva,constanza.silva172@mail.cl,M,2026-01-23,Valparaíso,Chile,54,2140821,False,8.0,Alto,Constanza Silva,0.8227,Senior (+50)
173,Valentina,Silva,valentina.silva173@mail.cl,M,2025-02-28,Antofagasta,Chile,43,1901320,True,337.0,Alto,Valentina Silva,0.7024,Adulto (36-50)
174,Francisca,Valenzuela,francisca.valenzuela174@mail.cl,F,2026-01-23,Valparaíso,Chile,43,818420,False,8.0,Medio,Francisca Valenzuela,0.1584,Adulto (36-50)
175,Francisca,Santelices,francisca.santelices175@mail.cl,F,2025-06-25,RM,Chile,25,2025233,True,220.0,Alto,Francisca Santelices,0.7647,Joven (18-25)
176,Felipe,Flores,felipe.flores176@mail.cl,F,2025-04-13,Valparaíso,Chile,34,1638189,True,293.0,Alto,Felipe Flores,0.5702,Adulto Joven (26-35)
177,Daniela,Rodriguez,daniela.rodriguez177@mail.cl,F,2025-10-20,RM,Chile,60,634055,False,103.0,Bajo,Daniela Rodriguez,0.0657,Senior (+50)
178,Felipe,Santelices,felipe.santelices178@mail.cl,F,2026-01-04,Coquimbo,Chile,46,646389,True,27.0,Bajo,Felipe Santelices,0.0719,Adulto (36-50)
179,Rodrigo,Muñoz,rodrigo.muñoz179@mail.cl,M,2025-11-07,Antofagasta,Chile,52,959297,False,85.0,Medio,Rodrigo Muñoz,0.2291,Senior (+50)
180,Andrés,Santelices,andrés.santelices180@mail.cl,M,2026-02-04,Coquimbo,Chile,56,1393741,False,-4.0,Medio,Andrés Santelices,0.4474,Senior (+50)
181,Rodrigo,Espinoza,rodrigo.espinoza181@mail.cl,M,2025-07-04,Coquimbo,Chile,33,1109719,False,211.0,Medio,Rodrigo Espinoza,0.3047,Adulto Joven (26-35)
182,Josefa,Martínez,josefa.martínez182@mail.cl,F,2025-12-06,RM,Chile,22,1952608,False,56.0,Alto,Josefa Martínez,0.7282,Joven (18-25)
183,Juan,Rodriguez,juan.rodriguez183@mail.cl,M,2025-11-20,RM,Chile,35,1399005,True,72.0,Medio,Juan Rodriguez,0.45,Adulto Joven (26-35)
184,Sebastián,González,sebastián.gonzález184@mail.cl,M,2025-11-01,Araucanía,Chile,41,2278627,False,91.0,Alto,Sebastián González,0.892,Adulto (36-50)
185,Andrés,López,andrés.lópez185@mail.cl,M,2025-07-17,Biobío,Chile,56,1410775,True,198.0,Medio,Andrés López,0.456,Senior (+50)
186,Constanza,Silva,constanza.silva186@mail.cl,M,2026-01-07,Antofagasta,Chile,69,693283,True,24.0,Bajo,Constanza Silva,0.0955,Senior (+50)
187,Daniela,Díaz,daniela.díaz187@mail.cl,M,2025-11-26,Valparaíso,Chile,60,1610241,True,66.0,Alto,Daniela Díaz,0.5562,Senior (+50)
188,Francisca,Martínez,francisca.martínez188@mail.cl,M,2026-01-05,Araucanía,Chile,22,2146645,True,26.0,Alto,Francisca Martínez,0.8257,Joven (18-25)
189,Felipe,González,felipe.gonzález189@mail.cl,M,2026-02-11,Antofagasta,Chile,52,2329553,False,-11.0,Alto,Felipe González,0.9175,Senior (+50)
190,Constanza,González,constanza.gonzález190@mail.cl,F,2025-09-26,Antofagasta,Chile,64,1346936,True,127.0,Medio,Constanza González,0.4239,Senior (+50)
191,Camila,Espinoza,camila.espinoza191@mail.cl,M,2026-01-03,RM,Chile,45,1464163,True,28.0,Medio,Camila Espinoza,0.4828,Adulto (36-50)
192,Pedro,Martínez,pedro.martínez192@mail.cl,F,2026-02-09,Antofagasta,Chile,42,826916,True,-9.0,Medio,Pedro Martínez,0.1626,Adulto (36-50)
193,Andrés,Muñoz,andrés.muñoz193@mail.cl,F,,RM,Chile,65,1660793,False,,Alto,Andrés Muñoz,0.5816,Senior (+50)
194,Valentina,Pérez,valentina.pérez194@mail.cl,F,2026-01-13,RM,Chile,34,625991,True,18.0,Bajo,Valentina Pérez,0.0617,Adulto Joven (26-35)
195,Catalina,Espinoza,catalina.espinoza195@mail.cl,M,2025-02-09,Antofagasta,Chile,51,1882439,True,356.0,Alto,Catalina Espinoza,0.6929,Senior (+50)
196,Rodrigo,Flores,rodrigo.flores196@mail.cl,M,2025-06-17,Antofagasta,Chile,45,990042,True,228.0,Medio,Rodrigo Flores,0.2446,Adulto (36-50)
197,Catalina,Martínez,catalina.martínez197@mail.cl,M,2025-06-19,Biobío,Chile,53,2421214,True,226.0,Alto,Catalina Martínez,0.9636,Senior (+50)
198,Valentina,Araya,valentina.araya198@mail.cl,M,2026-02-26,Antofagasta,Chile,68,1209662,True,-26.0,Medio,Valentina Araya,0.3549,Senior (+50)
199,Francisca,López,francisca.lópez199@mail.cl,F,2025-03-23,RM,Chile,53,626209,False,314.0,Bajo,Francisca López,0.0618,Senior (+50)
200,Rodrigo,Flores,rodrigo.flores200@mail.cl,F,2025-02-15,RM,Chile,44,1484176,True,350.0,Medio,Rodrigo Flores,0.4928,Adulto (36-50)
201,Juan,Silva,juan.silva201@mail.cl,M,,RM,Chile,65,702053,True,,Bajo,Juan Silva,0.0999,Senior (+50)
202,Constanza,Santelices,constanza.santelices202@mail.cl,F,2026-01-28,Coquimbo,Chile,32,2164221,True,3.0,Alto,Constanza Santelices,0.8345,Adulto Joven (26-35)
203,Rodrigo,Soto,rodrigo.soto203@mail.cl,F,2025-11-20,RM,Chile,44,2054623,True,72.0,Alto,Rodrigo Soto,0.7794,Adulto (36-50)
204,Carolina,Soto,carolina.soto204@mail.cl,M,2025-04-30,Coquimbo,Chile,35,2402897,False,276.0,Alto,Carolina Soto,0.9544,Adulto Joven (26-35)
205,Catalina,Valenzuela,catalina.valenzuela205@mail.cl,M,2025-01-07,Coquimbo,Chile,46,1148074,True,389.0,Medio,Catalina Valenzuela,0.324,Adulto (36-50)
206,Valentina,Valenzuela,valentina.valenzuela206@mail.cl,M,2025-01-26,Biobío,Chile,51,1312461,False,370.0,Medio,Valentina Valenzuela,0.4066,Senior (+50)
207,Rodrigo,Díaz,rodrigo.díaz207@mail.cl,M,2026-01-15,RM,Chile,46,1886652,True,16.0,Alto,Rodrigo Díaz,0.695,Adulto (36-50)
208,Camila,Muñoz,camila.muñoz208@mail.cl,M,2025-01-27,Valparaíso,Chile,20,1272944,False,369.0,Medio,Camila Muñoz,0.3867,Joven (18-25)
209,Carolina,Silva,carolina.silva209@mail.cl,F,2026-02-06,Valparaíso,Chile,37,1073189,True,-6.0,Medio,Carolina Silva,0.2864,Adulto (36-50)
210,Sebastián,Pérez,sebastián.pérez210@mail.cl,M,2025-01-15,RM,Chile,51,1419484,True,381.0,Medio,Sebastián Pérez,0.4603,Senior (+50)
211,Catalina,González,catalina.gonzález211@mail.cl,M,2025-07-27,Valparaíso,Chile,44,2303847,False,188.0,Alto,Catalina González,0.9046,Adulto (36-50)
212,Constanza,Martínez,constanza.martínez212@mail.cl,M,2025-01-27,RM,Chile,63,847697,False,369.0,Medio,Constanza Martínez,0.1731,Senior (+50)
213,Felipe,Rodriguez,felipe.rodriguez213@mail.cl,M,2025-11-12,RM,Chile,20,2219187,False,80.0,Alto,Felipe Rodriguez,0.8621,Joven (18-25)
214,Josefa,Martínez,josefa.martínez214@mail.cl,F,2025-08-24,RM,Chile,44,1058819,True,160.0,Medio,Josefa Martínez,0.2791,Adulto (36-50)
215,Valentina,Martínez,valentina.martínez215@mail.cl,F,2025-04-27,RM,Chile,19,1341047,False,279.0,Medio,Valentina Martínez,0.4209,Joven (18-25)
216,Andrés,Flores,andrés.flores216@mail.cl,M,2025-11-16,RM,Chile,35,2418317,True,76.0,Alto,Andrés Flores,0.9621,Adulto Joven (26-35)
217,Josefa,Soto,josefa.soto217@mail.cl,F,2025-04-12,Valparaíso,Chile,58,1464163,True,294.0,Medio,Josefa Soto,0.4828,Senior (+50)
218,Valentina,Rodriguez,valentina.rodriguez218@mail.cl,F,2025-02-15,RM,Chile,49,1793774,False,350.0,Alto,Valentina Rodriguez,0.6484,Adulto (36-50)
219,Valentina,Soto,valentina.soto219@mail.cl,F,2025-08-30,Valparaíso,Chile,50,1073441,True,154.0,Medio,Valentina Soto,0.2865,Adulto (36-50)
220,Juan,Martínez,juan.martínez220@mail.cl,M,2026-01-26,RM,Chile,39,1863046,False,5.0,Alto,Juan Martínez,0.6832,Adulto (36-50)
221,Valentina,Santelices,valentina.santelices221@mail.cl,F,2026-02-03,Valparaíso,Chile,59,509078,False,-3.0,Bajo,Valentina Santelices,0.003,Senior (+50)
222,Juan,Silva,juan.silva222@mail.cl,M,2026-01-09,RM,Chile,23,2190696,True,22.0,Alto,Juan Silva,0.8478,Joven (18-25)
223,Josefa,Martínez,josefa.martínez223@mail.cl,F,2026-01-28,Araucanía,Chile,37,906845,True,3.0,Medio,Josefa Martínez,0.2028,Adulto (36-50)
224,Andrés,Valenzuela,andrés.valenzuela224@mail.cl,M,2025-11-10,Valparaíso,Chile,39,1229497,True,82.0,Medio,Andrés Valenzuela,0.3649,Adulto (36-50)
225,Pedro,Valenzuela,pedro.valenzuela225@mail.cl,M,2025-01-12,RM,Chile,40,2182955,True,384.0,Alto,Pedro Valenzuela,0.8439,Adulto (36-50)
226,Sebastián,Flores,sebastián.flores226@mail.cl,M,2026-02-05,RM,Chile,62,1576956,True,-5.0,Alto,Sebastián Flores,0.5394,Senior (+50)
227,Diego,Santelices,diego.santelices227@mail.cl,F,2025-07-30,Coquimbo,Chile,39,1717060,False,185.0,Alto,Diego Santelices,0.6098,Adulto (36-50)
228,Daniela,Martínez,daniela.martínez228@mail.cl,M,2025-02-04,Valparaíso,Chile,46,2351317,True,361.0,Alto,Daniela Martínez,0.9285,Adulto (36-50)
229,Josefa,González,josefa.gonzález229@mail.cl,M,2026-01-31,Coquimbo,Chile,41,1360563,True,0.0,Medio,Josefa González,0.4307,Adulto (36-50)
230,Camila,Araya,camila.araya230@mail.cl,F,2025-02-19,Biobío,Chile,66,1891538,False,346.0,Alto,Camila Araya,0.6975,Senior (+50)
231,Sebastián,Díaz,sebastián.díaz231@mail.cl,F,2025-03-07,Valparaíso,Chile,32,1836737,False,330.0,Alto,Sebastián Díaz,0.67,Adulto Joven (26-35)
232,Valentina,Santelices,valentina.santelices232@mail.cl,F,2025-05-05,Araucanía,Chile,29,749474,True,271.0,Bajo,Valentina Santelices,0.1237,Adulto Joven (26-35)
233,María,Silva,maría.silva233@mail.cl,M,2025-01-08,Valparaíso,Chile,53,1965071,False,388.0,Alto,María Silva,0.7344,Senior (+50)
234,Felipe,López,felipe.lópez234@mail.cl,F,2025-10-20,RM,Chile,22,1724613,True,103.0,Alto,Felipe López,0.6136,Joven (18-25)
235,Sebastián,Espinoza,sebastián.espinoza235@mail.cl,F,2025-08-19,Antofagasta,Chile,42,601459,False,165.0,Bajo,Sebastián Espinoza,0.0494,Adulto (36-50)
236,Felipe,Soto,felipe.soto236@mail.cl,M,2026-01-02,RM,Chile,52,1536548,True,29.0,Alto,Felipe Soto,0.5191,Senior (+50)
237,Juan,Silva,juan.silva237@mail.cl,F,2026-02-16,RM,Chile,48,1404586,False,-16.0,Medio,Juan Silva,0.4529,Adulto (36-50)
238,Pedro,Soto,pedro.soto238@mail.cl,F,2025-11-28,RM,Chile,47,1568392,True,64.0,Alto,Pedro Soto,0.5351,Adulto (36-50)
239,Diego,Díaz,diego.díaz239@mail.cl,F,2025-03-05,Valparaíso,Chile,37,2442811,True,332.0,Alto,Diego Díaz,0.9744,Adulto (36-50)
240,Andrés,Pérez,andrés.pérez240@mail.cl,M,2025-04-30,Valparaíso,Chile,61,841815,False,276.0,Medio,Andrés Pérez,0.1701,Senior (+50)
241,Josefa,Valenzuela,josefa.valenzuela241@mail.cl,F,2025-11-30,RM,Chile,19,1464163,True,62.0,Medio,Josefa Valenzuela,0.4828,Joven (18-25)
242,Diego,Díaz,diego.díaz242@mail.cl,F,2025-07-17,RM,Chile,54,1708052,True,198.0,Alto,Diego Díaz,0.6053,Senior (+50)
243,Diego,González,diego.gonzález243@mail.cl,M,2025-10-03,Coquimbo,Chile,67,1680887,True,120.0,Alto,Diego González,0.5917,Senior (+50)
244,Andrés,Espinoza,andrés.espinoza244@mail.cl,F,2026-02-08,RM,Chile,48,1867223,True,-8.0,Alto,Andrés Espinoza,0.6853,Adulto (36-50)
245,Andrés,Muñoz,andrés.muñoz245@mail.cl,M,2025-05-06,Valparaíso,Chile,62,890479,False,270.0,Medio,Andrés Muñoz,0.1946,Senior (+50)
246,Francisca,Araya,francisca.araya246@mail.cl,M,2025-09-21,RM,Chile,46,2178687,False,132.0,Alto,Francisca Araya,0.8418,Adulto (36-50)
247,Diego,Valenzuela,diego.valenzuela247@mail.cl,F,2025-04-29,RM,Chile,43,1673930,False,277.0,Alto,Diego Valenzuela,0.5882,Adulto (36-50)
248,Constanza,Muñoz,constanza.muñoz248@mail.cl,F,2026-02-09,Valparaíso,Chile,66,988011,True,-9.0,Medio,Constanza Muñoz,0.2436,Senior (+50)
249,Daniela,Martínez,daniela.martínez249@mail.cl,F,2025-10-14,Antofagasta,Chile,33,1267629,True,109.0,Medio,Daniela Martínez,0.384,Adulto Joven (26-35)
250,Catalina,Pérez,catalina.pérez250@mail.cl,M,2025-07-11,RM,Chile,23,1532766,True,204.0,Alto,Catalina Pérez,0.5172,Joven (18-25)
251,Juan,Martínez,juan.martínez251@mail.cl,M,2025-03-18,Antofagasta,Chile,48,1221384,True,319.0,Medio,Juan Martínez,0.3608,Adulto (36-50)
252,Camila,Muñoz,camila.muñoz252@mail.cl,M,2026-01-19,Biobío,Chile,23,536321,False,12.0,Bajo,Camila Muñoz,0.0166,Joven (18-25)
253,Rodrigo,Martínez,rodrigo.martínez253@mail.cl,M,2026-01-24,Coquimbo,Chile,24,2164600,True,7.0,Alto,Rodrigo Martínez,0.8347,Joven (18-25)
254,Josefa,González,josefa.gonzález254@mail.cl,F,2025-11-12,Valparaíso,Chile,44,2438904,True,80.0,Alto,Josefa González,0.9725,Adulto (36-50)
255,Juan,González,juan.gonzález255@mail.cl,M,2025-12-21,RM,Chile,44,1548173,False,41.0,Alto,Juan González,0.525,Adulto (36-50)
256,Francisca,Muñoz,francisca.muñoz256@mail.cl,F,2025-11-24,Coquimbo,Chile,65,1264357,False,68.0,Medio,Francisca Muñoz,0.3824,Senior (+50)
257,Diego,Flores,diego.flores257@mail.cl,F,2025-10-31,RM,Chile,54,2493678,False,92.0,Alto,Diego Flores,1.0,Senior (+50)
258,Camila,Valenzuela,camila.valenzuela258@mail.cl,M,2026-02-19,Biobío,Chile,61,2413722,True,-19.0,Alto,Camila Valenzuela,0.9598,Senior (+50)
259,Rodrigo,Pérez,rodrigo.pérez259@mail.cl,M,2026-02-22,Coquimbo,Chile,32,1866808,False,-22.0,Alto,Rodrigo Pérez,0.6851,Adulto Joven (26-35)
260,Andrés,Rodriguez,andrés.rodriguez260@mail.cl,M,2025-10-02,RM,Chile,51,1857133,True,121.0,Alto,Andrés Rodriguez,0.6802,Senior (+50)
261,Camila,Pérez,camila.pérez261@mail.cl,F,2026-01-28,Valparaíso,Chile,52,2070439,False,3.0,Alto,Camila Pérez,0.7874,Senior (+50)
262,Francisca,Díaz,francisca.díaz262@mail.cl,F,2025-05-12,Valparaíso,Chile,43,1805944,False,264.0,Alto,Francisca Díaz,0.6545,Adulto (36-50)
263,Andrés,Santelices,andrés.santelices263@mail.cl,M,2025-06-08,Antofagasta,Chile,24,2030814,False,237.0,Alto,Andrés Santelices,0.7675,Joven (18-25)
264,Juan,López,juan.lópez264@mail.cl,M,2026-01-04,RM,Chile,24,1869909,True,27.0,Alto,Juan López,0.6866,Joven (18-25)
265,Carolina,Silva,carolina.silva265@mail.cl,M,2026-02-24,Valparaíso,Chile,39,1965461,True,-24.0,Alto,Carolina Silva,0.7346,Adulto (36-50)
266,Valentina,Araya,valentina.araya266@mail.cl,M,2025-05-01,Biobío,Chile,59,1018727,False,275.0,Medio,Valentina Araya,0.259,Senior (+50)
267,Catalina,González,catalina.gonzález267@mail.cl,F,2025-06-01,RM,Chile,36,929667,False,244.0,Medio,Catalina González,0.2143,Adulto (36-50)
268,Felipe,López,felipe.lópez268@mail.cl,M,2025-08-30,RM,Chile,22,695246,True,154.0,Bajo,Felipe López,0.0965,Joven (18-25)
269,Pedro,Araya,pedro.araya269@mail.cl,F,2025-05-30,Coquimbo,Chile,65,1616964,True,246.0,Alto,Pedro Araya,0.5595,Senior (+50)
270,Pedro,Araya,pedro.araya270@mail.cl,M,2025-03-19,Coquimbo,Chile,30,1522460,True,318.0,Alto,Pedro Araya,0.5121,Adulto Joven (26-35)
271,Constanza,Martínez,constanza.martínez271@mail.cl,F,2025-05-26,RM,Chile,20,1935177,False,250.0,Alto,Constanza Martínez,0.7194,Joven (18-25)
272,Rodrigo,Santelices,rodrigo.santelices272@mail.cl,M,2026-02-15,Valparaíso,Chile,36,1324899,False,-15.0,Medio,Rodrigo Santelices,0.4128,Adulto (36-50)
273,Valentina,López,valentina.lópez273@mail.cl,F,2025-08-20,RM,Chile,44,1135232,False,164.0,Medio,Valentina López,0.3175,Adulto (36-50)
274,Pedro,Martínez,pedro.martínez274@mail.cl,F,2025-07-15,RM,Chile,30,572240,False,200.0,Bajo,Pedro Martínez,0.0347,Adulto Joven (26-35)
275,María,Araya,maría.araya275@mail.cl,M,2025-09-21,RM,Chile,55,665575,False,132.0,Bajo,María Araya,0.0816,Senior (+50)
276,Pedro,Soto,pedro.soto276@mail.cl,F,2025-11-22,RM,Chile,19,751051,False,70.0,Bajo,Pedro Soto,0.1245,Joven (18-25)
277,Valentina,González,valentina.gonzález277@mail.cl,M,2025-09-21,Valparaíso,Chile,39,1724491,False,132.0,Alto,Valentina González,0.6136,Adulto (36-50)
278,Camila,Pérez,camila.pérez278@mail.cl,M,2025-11-07,Valparaíso,Chile,33,1780617,False,85.0,Alto,Camila Pérez,0.6418,Adulto Joven (26-35)
279,Constanza,Martínez,constanza.martínez279@mail.cl,M,2025-05-16,Biobío,Chile,37,1690402,False,260.0,Alto,Constanza Martínez,0.5964,Adulto (36-50)
280,Constanza,Flores,constanza.flores280@mail.cl,M,2025-01-05,RM,Chile,37,1544327,False,391.0,Alto,Constanza Flores,0.5231,Adulto (36-50)
281,Carolina,González,carolina.gonzález281@mail.cl,M,2025-08-19,Valparaíso,Chile,49,1668544,True,165.0,Alto,Carolina González,0.5855,Adulto (36-50)
282,Catalina,Araya,catalina.araya282@mail.cl,F,2025-10-19,RM,Chile,50,1816502,False,104.0,Alto,Catalina Araya,0.6598,Adulto (36-50)
283,Rodrigo,Muñoz,rodrigo.muñoz283@mail.cl,M,2026-01-09,RM,Chile,18,1996906,True,22.0,Alto,Rodrigo Muñoz,0.7504,Joven (18-25)
284,Camila,Espinoza,camila.espinoza284@mail.cl,M,2026-01-06,Araucanía,Chile,52,1114805,True,25.0,Medio,Camila Espinoza,0.3073,Senior (+50)
285,Josefa,Soto,josefa.soto285@mail.cl,F,2025-08-27,Antofagasta,Chile,66,1167689,False,157.0,Medio,Josefa Soto,0.3338,Senior (+50)
286,María,Flores,maría.flores286@mail.cl,M,2025-05-14,Valparaíso,Chile,20,793894,False,262.0,Bajo,María Flores,0.146,Joven (18-25)
287,Constanza,Martínez,constanza.martínez287@mail.cl,M,2025-05-10,Coquimbo,Chile,52,2203377,False,266.0,Alto,Constanza Martínez,0.8542,Senior (+50)
288,Camila,Muñoz,camila.muñoz288@mail.cl,F,2025-09-10,Araucanía,Chile,50,2191811,True,143.0,Alto,Camila Muñoz,0.8483,Adulto (36-50)
289,Constanza,González,constanza.gonzález289@mail.cl,F,2026-02-21,Antofagasta,Chile,20,1190658,True,-21.0,Medio,Constanza González,0.3454,Joven (18-25)
290,Valentina,Martínez,valentina.martínez290@mail.cl,M,2025-01-25,RM,Chile,32,1464163,True,371.0,Medio,Valentina Martínez,0.4828,Adulto Joven (26-35)
291,Carolina,Araya,carolina.araya291@mail.cl,F,2025-01-31,RM,Chile,31,1052467,False,365.0,Medio,Carolina Araya,0.276,Adulto Joven (26-35)
292,Rodrigo,Araya,rodrigo.araya292@mail.cl,M,2025-09-11,RM,Chile,19,1783131,True,142.0,Alto,Rodrigo Araya,0.643,Joven (18-25)
293,Pedro,Valenzuela,pedro.valenzuela293@mail.cl,M,2025-12-11,Coquimbo,Chile,19,1473181,True,51.0,Medio,Pedro Valenzuela,0.4873,Joven (18-25)
294,María,Flores,maría.flores294@mail.cl,M,2026-01-19,Valparaíso,Chile,26,1185154,True,12.0,Medio,María Flores,0.3426,Adulto Joven (26-35)
295,Sebastián,Araya,sebastián.araya295@mail.cl,F,2025-09-09,RM,Chile,50,1121827,False,144.0,Medio,Sebastián Araya,0.3108,Adulto (36-50)
296,Felipe,Silva,felipe.silva296@mail.cl,M,2025-08-09,RM,Chile,69,2433731,False,175.0,Alto,Felipe Silva,0.9699,Senior (+50)
297,Valentina,Santelices,valentina.santelices297@mail.cl,F,2026-02-04,RM,Chile,24,989626,False,-4.0,Medio,Valentina Santelices,0.2444,Joven (18-25)
298,Valentina,Espinoza,valentina.espinoza298@mail.cl,M,2025-07-02,Valparaíso,Chile,19,563037,True,213.0,Bajo,Valentina Espinoza,0.0301,Joven (18-25)
299,Diego,Soto,diego.soto299@mail.cl,F,2025-11-10,RM,Chile,56,1770660,True,82.0,Alto,Diego Soto,0.6368,Senior (+50)
300,Rodrigo,Pérez,rodrigo.pérez300@mail.cl,F,2026-01-18,RM,Chile,54,946636,False,13.0,Medio,Rodrigo Pérez,0.2228,Senior (+50)
301,Camila,González,camila.gonzález301@mail.cl,M,2025-11-04,RM,Chile,43,1559325,False,88.0,Alto,Camila González,0.5306,Adulto (36-50)
302,María,Díaz,maría.díaz302@mail.cl,F,2025-08-21,Valparaíso,Chile,46,2361043,True,163.0,Alto,María Díaz,0.9334,Adulto (36-50)
303,Valentina,López,valentina.lópez303@mail.cl,M,2025-07-11,Araucanía,Chile,34,503191,True,204.0,Bajo,Valentina López,0.0,Adulto Joven (26-35)
304,Sebastián,González,sebastián.gonzález304@mail.cl,F,2025-01-10,Coquimbo,Chile,67,1962073,False,386.0,Alto,Sebastián González,0.7329,Senior (+50)
305,Carolina,Silva,carolina.silva305@mail.cl,M,2025-09-21,Biobío,Chile,39,2386407,True,132.0,Alto,Carolina Silva,0.9461,Adulto (36-50)
306,Josefa,González,josefa.gonzález306@mail.cl,F,2026-01-05,Coquimbo,Chile,49,563936,True,26.0,Bajo,Josefa González,0.0305,Adulto (36-50)
307,Diego,Silva,diego.silva307@mail.cl,M,2025-04-19,RM,Chile,68,2458295,True,287.0,Alto,Diego Silva,0.9822,Senior (+50)
308,Daniela,González,daniela.gonzález308@mail.cl,M,2025-08-16,Coquimbo,Chile,28,701139,True,168.0,Bajo,Daniela González,0.0994,Adulto Joven (26-35)
309,Pedro,Santelices,pedro.santelices309@mail.cl,M,2025-09-18,RM,Chile,22,1129085,False,135.0,Medio,Pedro Santelices,0.3144,Joven (18-25)
310,Catalina,Silva,catalina.silva310@mail.cl,F,2025-08-08,Coquimbo,Chile,34,648702,False,176.0,Bajo,Catalina Silva,0.0731,Adulto Joven (26-35)
311,Catalina,Silva,catalina.silva311@mail.cl,M,2025-02-18,Araucanía,Chile,53,1646237,False,347.0,Alto,Catalina Silva,0.5743,Senior (+50)
312,Constanza,Martínez,constanza.martínez312@mail.cl,M,2025-09-12,Araucanía,Chile,67,2381865,True,141.0,Alto,Constanza Martínez,0.9438,Senior (+50)
313,Camila,Araya,camila.araya313@mail.cl,M,2025-06-30,Araucanía,Chile,49,612990,False,215.0,Bajo,Camila Araya,0.0552,Adulto (36-50)
314,Catalina,Araya,catalina.araya314@mail.cl,F,2025-07-02,RM,Chile,26,915384,False,213.0,Medio,Catalina Araya,0.2071,Adulto Joven (26-35)
315,Andrés,Espinoza,andrés.espinoza315@mail.cl,F,2025-08-01,RM,Chile,61,1379903,True,183.0,Medio,Andrés Espinoza,0.4405,Senior (+50)
316,Constanza,González,constanza.gonzález316@mail.cl,F,2025-08-10,Araucanía,Chile,56,1886992,False,174.0,Alto,Constanza González,0.6952,Senior (+50)
317,Sebastián,Valenzuela,sebastián.valenzuela317@mail.cl,F,2025-05-06,Valparaíso,Chile,25,1122893,False,270.0,Medio,Sebastián Valenzuela,0.3113,Joven (18-25)
318,Constanza,Santelices,constanza.santelices318@mail.cl,M,2025-03-27,Valparaíso,Chile,39,1765898,True,310.0,Alto,Constanza Santelices,0.6344,Adulto (36-50)
319,Valentina,Araya,valentina.araya319@mail.cl,M,2025-08-01,Valparaíso,Chile,32,817875,True,183.0,Medio,Valentina Araya,0.1581,Adulto Joven (26-35)
320,María,Valenzuela,maría.valenzuela320@mail.cl,M,2026-01-13,Coquimbo,Chile,39,1552330,True,18.0,Alto,María Valenzuela,0.5271,Adulto (36-50)
321,Rodrigo,González,rodrigo.gonzález321@mail.cl,F,2025-01-23,Valparaíso,Chile,46,1464163,True,373.0,Medio,Rodrigo González,0.4828,Adulto (36-50)
322,Carolina,Valenzuela,carolina.valenzuela322@mail.cl,M,2025-12-28,Biobío,Chile,33,1482599,True,34.0,Medio,Carolina Valenzuela,0.492,Adulto Joven (26-35)
323,Carolina,Pérez,carolina.pérez323@mail.cl,M,2025-08-12,Araucanía,Chile,59,1933441,True,172.0,Alto,Carolina Pérez,0.7185,Senior (+50)
324,Sebastián,López,sebastián.lópez324@mail.cl,M,2025-03-07,Valparaíso,Chile,44,1616271,True,330.0,Alto,Sebastián López,0.5592,Adulto (36-50)
325,Sebastián,Díaz,sebastián.díaz325@mail.cl,F,2025-02-23,RM,Chile,29,1051120,False,342.0,Medio,Sebastián Díaz,0.2753,Adulto Joven (26-35)
326,Constanza,Martínez,constanza.martínez326@mail.cl,F,2025-08-31,Biobío,Chile,48,2340118,False,153.0,Alto,Constanza Martínez,0.9229,Adulto (36-50)
327,Daniela,Rodriguez,daniela.rodriguez327@mail.cl,M,2025-05-12,RM,Chile,37,1042601,False,264.0,Medio,Daniela Rodriguez,0.271,Adulto (36-50)
328,Valentina,Rodriguez,valentina.rodriguez328@mail.cl,F,2025-12-25,RM,Chile,38,1628649,False,37.0,Alto,Valentina Rodriguez,0.5654,Adulto (36-50)
329,Constanza,Díaz,constanza.díaz329@mail.cl,F,2025-04-29,Biobío,Chile,24,568099,True,277.0,Bajo,Constanza Díaz,0.0326,Joven (18-25)
330,Constanza,Rodriguez,constanza.rodriguez330@mail.cl,F,2025-09-11,RM,Chile,41,1352129,False,142.0,Medio,Constanza Rodriguez,0.4265,Adulto (36-50)
331,María,Rodriguez,maría.rodriguez331@mail.cl,M,2025-11-15,RM,Chile,63,817650,False,77.0,Medio,María Rodriguez,0.158,Senior (+50)
332,Daniela,Flores,daniela.flores332@mail.cl,F,2025-12-22,Biobío,Chile,36,1606351,True,40.0,Alto,Daniela Flores,0.5542,Adulto (36-50)
333,Camila,Espinoza,camila.espinoza333@mail.cl,M,2025-11-15,Valparaíso,Chile,69,681360,True,77.0,Bajo,Camila Espinoza,0.0895,Senior (+50)
334,Carolina,Morales,carolina.morales334@mail.cl,M,2026-02-14,Araucanía,Chile,50,2001584,False,-14.0,Alto,Carolina Morales,0.7528,Adulto (36-50)
335,Camila,Díaz,camila.díaz335@mail.cl,F,2025-02-16,RM,Chile,31,1141147,True,349.0,Medio,Camila Díaz,0.3205,Adulto Joven (26-35)
336,Felipe,Martínez,felipe.martínez336@mail.cl,F,2025-03-02,Coquimbo,Chile,27,665937,True,335.0,Bajo,Felipe Martínez,0.0818,Adulto Joven (26-35)
337,Rodrigo,Morales,rodrigo.morales337@mail.cl,M,2025-07-17,Coquimbo,Chile,34,2294042,True,198.0,Alto,Rodrigo Morales,0.8997,Adulto Joven (26-35)
338,Pedro,Pérez,pedro.pérez338@mail.cl,M,2025-03-10,RM,Chile,46,1818719,True,327.0,Alto,Pedro Pérez,0.6609,Adulto (36-50)
339,Camila,González,camila.gonzález339@mail.cl,M,2025-03-11,Coquimbo,Chile,43,650787,False,326.0,Bajo,Camila González,0.0742,Adulto (36-50)
340,Felipe,Santelices,felipe.santelices340@mail.cl,F,2025-04-10,Antofagasta,Chile,23,1150024,False,296.0,Medio,Felipe Santelices,0.325,Joven (18-25)
341,Constanza,Araya,constanza.araya341@mail.cl,F,2025-06-01,RM,Chile,42,807747,True,244.0,Medio,Constanza Araya,0.153,Adulto (36-50)
342,Constanza,Silva,constanza.silva342@mail.cl,F,2025-06-12,RM,Chile,45,573997,False,233.0,Bajo,Constanza Silva,0.0356,Adulto (36-50)
343,Francisca,Soto,francisca.soto343@mail.cl,M,2025-02-13,Coquimbo,Chile,26,1644620,False,352.0,Alto,Francisca Soto,0.5734,Adulto Joven (26-35)
344,Daniela,Morales,daniela.morales344@mail.cl,F,2025-01-21,Valparaíso,Chile,21,1565649,True,375.0,Alto,Daniela Morales,0.5338,Joven (18-25)
345,Andrés,Santelices,andrés.santelices345@mail.cl,F,2025-09-05,Antofagasta,Chile,28,566707,False,148.0,Bajo,Andrés Santelices,0.0319,Adulto Joven (26-35)
346,Josefa,Santelices,josefa.santelices346@mail.cl,M,2025-05-22,RM,Chile,54,1960537,True,254.0,Alto,Josefa Santelices,0.7322,Senior (+50)
347,María,Pérez,maría.pérez347@mail.cl,M,2025-11-01,Valparaíso,Chile,36,950930,True,91.0,Medio,María Pérez,0.2249,Adulto (36-50)
348,Diego,Araya,diego.araya348@mail.cl,M,2025-04-27,RM,Chile,21,591006,False,279.0,Bajo,Diego Araya,0.0441,Joven (18-25)
349,Sebastián,Santelices,sebastián.santelices349@mail.cl,F,2025-03-02,Coquimbo,Chile,51,1227067,False,335.0,Medio,Sebastián Santelices,0.3637,Senior (+50)
350,Andrés,Martínez,andrés.martínez350@mail.cl,M,2025-07-17,Valparaíso,Chile,51,1879904,False,198.0,Alto,Andrés Martínez,0.6916,Senior (+50)
351,Diego,Pérez,diego.pérez351@mail.cl,F,2025-11-26,Valparaíso,Chile,51,1232303,False,66.0,Medio,Diego Pérez,0.3663,Senior (+50)
352,Pedro,Flores,pedro.flores352@mail.cl,M,2025-10-21,Coquimbo,Chile,27,648066,False,102.0,Bajo,Pedro Flores,0.0728,Adulto Joven (26-35)
353,Pedro,Valenzuela,pedro.valenzuela353@mail.cl,M,2025-01-20,RM,Chile,43,1088158,False,376.0,Medio,Pedro Valenzuela,0.2939,Adulto (36-50)
354,Constanza,Díaz,constanza.díaz354@mail.cl,F,2025-03-20,RM,Chile,39,2481019,False,317.0,Alto,Constanza Díaz,0.9936,Adulto (36-50)
355,Andrés,Flores,andrés.flores355@mail.cl,M,2025-03-07,Coquimbo,Chile,42,2226199,False,330.0,Alto,Andrés Flores,0.8656,Adulto (36-50)
356,Pedro,Silva,pedro.silva356@mail.cl,F,2025-09-19,Coquimbo,Chile,56,679635,True,134.0,Bajo,Pedro Silva,0.0886,Senior (+50)
357,Sebastián,Morales,sebastián.morales357@mail.cl,F,2025-09-24,RM,Chile,29,1464163,False,129.0,Medio,Sebastián Morales,0.4828,Adulto Joven (26-35)
358,Daniela,Araya,daniela.araya358@mail.cl,F,2025-03-13,Biobío,Chile,26,2487118,True,324.0,Alto,Daniela Araya,0.9967,Adulto Joven (26-35)
359,Catalina,Espinoza,catalina.espinoza359@mail.cl,F,2025-09-25,Coquimbo,Chile,19,2026534,False,128.0,Alto,Catalina Espinoza,0.7653,Joven (18-25)
360,Pedro,Flores,pedro.flores360@mail.cl,M,2025-08-08,Antofagasta,Chile,18,1275158,False,176.0,Medio,Pedro Flores,0.3878,Joven (18-25)
361,Daniela,Pérez,daniela.pérez361@mail.cl,F,2025-09-17,Valparaíso,Chile,47,773349,False,136.0,Bajo,Daniela Pérez,0.1357,Adulto (36-50)
362,Valentina,Rodriguez,valentina.rodriguez362@mail.cl,F,2025-01-16,RM,Chile,18,1704798,True,380.0,Alto,Valentina Rodriguez,0.6037,Joven (18-25)
363,Felipe,Pérez,felipe.pérez363@mail.cl,M,2025-04-12,Valparaíso,Chile,48,2099034,True,294.0,Alto,Felipe Pérez,0.8017,Adulto (36-50)
364,Catalina,Morales,catalina.morales364@mail.cl,M,2025-10-08,Coquimbo,Chile,37,1021121,False,115.0,Medio,Catalina Morales,0.2602,Adulto (36-50)
365,Constanza,Espinoza,constanza.espinoza365@mail.cl,M,2025-09-22,Araucanía,Chile,69,1527557,False,131.0,Alto,Constanza Espinoza,0.5146,Senior (+50)
366,Valentina,Rodriguez,valentina.rodriguez366@mail.cl,F,2025-12-30,RM,Chile,61,912104,True,32.0,Medio,Valentina Rodriguez,0.2054,Senior (+50)
367,Daniela,Muñoz,daniela.muñoz367@mail.cl,F,2025-10-04,Biobío,Chile,45,1765399,False,119.0,Alto,Daniela Muñoz,0.6341,Adulto (36-50)
368,Constanza,González,constanza.gonzález368@mail.cl,M,2026-02-20,Coquimbo,Chile,64,1970801,False,-20.0,Alto,Constanza González,0.7373,Senior (+50)
369,Andrés,Martínez,andrés.martínez369@mail.cl,M,2025-11-21,Valparaíso,Chile,61,911274,False,71.0,Medio,Andrés Martínez,0.205,Senior (+50)
370,Josefa,Morales,josefa.morales370@mail.cl,M,2025-03-07,RM,Chile,52,1754311,False,330.0,Alto,Josefa Morales,0.6285,Senior (+50)
371,Carolina,Valenzuela,carolina.valenzuela371@mail.cl,M,2025-01-01,RM,Chile,25,2240534,True,395.0,Alto,Carolina Valenzuela,0.8728,Joven (18-25)
372,Catalina,Valenzuela,catalina.valenzuela372@mail.cl,M,2025-10-21,Valparaíso,Chile,32,1539550,True,102.0,Alto,Catalina Valenzuela,0.5207,Adulto Joven (26-35)
373,Pedro,Martínez,pedro.martínez373@mail.cl,M,2025-02-08,Coquimbo,Chile,26,2052226,False,357.0,Alto,Pedro Martínez,0.7782,Adulto Joven (26-35)
374,Rodrigo,Valenzuela,rodrigo.valenzuela374@mail.cl,F,2026-01-27,Valparaíso,Chile,40,1083098,True,4.0,Medio,Rodrigo Valenzuela,0.2913,Adulto (36-50)
375,María,Silva,maría.silva375@mail.cl,F,2026-01-08,Coquimbo,Chile,52,1202098,False,23.0,Medio,María Silva,0.3511,Senior (+50)
376,Josefa,Espinoza,josefa.espinoza376@mail.cl,M,2025-12-10,Coquimbo,Chile,31,963001,False,52.0,Medio,Josefa Espinoza,0.231,Adulto Joven (26-35)
377,Felipe,Soto,felipe.soto377@mail.cl,F,2026-01-03,Valparaíso,Chile,59,914994,True,28.0,Medio,Felipe Soto,0.2069,Senior (+50)
378,Carolina,Díaz,carolina.díaz378@mail.cl,M,2025-09-08,Araucanía,Chile,36,1338574,False,145.0,Medio,Carolina Díaz,0.4197,Adulto (36-50)
379,Constanza,Silva,constanza.silva379@mail.cl,F,2025-10-13,RM,Chile,26,1346143,True,110.0,Medio,Constanza Silva,0.4235,Adulto Joven (26-35)
380,Daniela,Díaz,daniela.díaz380@mail.cl,M,2025-11-30,Biobío,Chile,47,1253704,False,62.0,Medio,Daniela Díaz,0.377,Adulto (36-50)
381,Andrés,Díaz,andrés.díaz381@mail.cl,F,2025-04-20,Antofagasta,Chile,39,1413320,False,286.0,Medio,Andrés Díaz,0.4572,Adulto (36-50)
382,Josefa,Valenzuela,josefa.valenzuela382@mail.cl,M,2026-02-17,Coquimbo,Chile,47,1733954,True,-17.0,Alto,Josefa Valenzuela,0.6183,Adulto (36-50)
383,Catalina,Espinoza,catalina.espinoza383@mail.cl,F,2025-10-31,RM,Chile,37,544900,True,92.0,Bajo,Catalina Espinoza,0.021,Adulto (36-50)
384,Carolina,González,carolina.gonzález384@mail.cl,M,2026-01-04,RM,Chile,52,1295600,False,27.0,Medio,Carolina González,0.3981,Senior (+50)
385,Daniela,González,daniela.gonzález385@mail.cl,F,2025-11-28,Coquimbo,Chile,29,833997,True,64.0,Medio,Daniela González,0.1662,Adulto Joven (26-35)
386,Josefa,Martínez,josefa.martínez386@mail.cl,M,2025-08-20,Antofagasta,Chile,38,2424914,False,164.0,Alto,Josefa Martínez,0.9655,Adulto (36-50)
387,Camila,Martínez,camila.martínez387@mail.cl,M,2025-12-14,Valparaíso,Chile,45,1778723,False,48.0,Alto,Camila Martínez,0.6408,Adulto (36-50)
388,Carolina,Flores,carolina.flores388@mail.cl,M,2026-02-03,Valparaíso,Chile,44,2346198,True,-3.0,Alto,Carolina Flores,0.9259,Adulto (36-50)
389,Juan,Silva,juan.silva389@mail.cl,M,2026-01-18,Coquimbo,Chile,34,1424220,False,13.0,Medio,Juan Silva,0.4627,Adulto Joven (26-35)
390,Valentina,López,valentina.lópez390@mail.cl,M,2025-04-03,RM,Chile,62,961552,True,303.0,Medio,Valentina López,0.2303,Senior (+50)
391,Daniela,Espinoza,daniela.espinoza391@mail.cl,M,2025-06-26,Coquimbo,Chile,30,2159580,False,219.0,Alto,Daniela Espinoza,0.8322,Adulto Joven (26-35)
392,Juan,Espinoza,juan.espinoza392@mail.cl,M,2025-12-19,RM,Chile,43,2431046,True,43.0,Alto,Juan Espinoza,0.9685,Adulto (36-50)
393,Diego,González,diego.gonzález393@mail.cl,F,2025-08-21,Coquimbo,Chile,26,1685111,True,163.0,Alto,Diego González,0.5938,Adulto Joven (26-35)
394,Juan,Martínez,juan.martínez394@mail.cl,M,2025-07-02,RM,Chile,58,2094918,True,213.0,Alto,Juan Martínez,0.7997,Senior (+50)
395,Catalina,Morales,catalina.morales395@mail.cl,F,2025-02-15,Araucanía,Chile,62,692512,False,350.0,Bajo,Catalina Morales,0.0951,Senior (+50)
396,Carolina,Rodriguez,carolina.rodriguez396@mail.cl,F,2025-04-19,Antofagasta,Chile,29,1751772,False,287.0,Alto,Carolina Rodriguez,0.6273,Adulto Joven (26-35)
397,Juan,Flores,juan.flores397@mail.cl,F,2026-01-08,Araucanía,Chile,42,1234042,False,23.0,Medio,Juan Flores,0.3672,Adulto (36-50)
398,Felipe,Espinoza,felipe.espinoza398@mail.cl,M,2025-12-06,Biobío,Chile,35,1988529,False,56.0,Alto,Felipe Espinoza,0.7462,Adulto Joven (26-35)
399,Camila,Espinoza,camila.espinoza399@mail.cl,M,2025-05-27,Coquimbo,Chile,64,510651,False,249.0,Bajo,Camila Espinoza,0.0037,Senior (+50)
400,Camila,González,camila.gonzález400@mail.cl,M,2025-02-10,Coquimbo,Chile,56,833569,True,355.0,Medio,Camila González,0.166,Senior (+50)
401,Rodrigo,Martínez,rodrigo.martínez401@mail.cl,F,2025-09-23,RM,Chile,31,2019825,True,130.0,Alto,Rodrigo Martínez,0.7619,Adulto Joven (26-35)
402,Valentina,Martínez,valentina.martínez402@mail.cl,M,2025-06-04,RM,Chile,19,1386364,False,241.0,Medio,Valentina Martínez,0.4437,Joven (18-25)
403,Pedro,Espinoza,pedro.espinoza403@mail.cl,F,2025-09-25,Biobío,Chile,52,1026570,True,128.0,Medio,Pedro Espinoza,0.2629,Senior (+50)
404,Felipe,Flores,felipe.flores404@mail.cl,M,2025-02-18,RM,Chile,48,1785016,True,347.0,Alto,Felipe Flores,0.644,Adulto (36-50)
405,Daniela,Martínez,daniela.martínez405@mail.cl,F,2025-05-26,Biobío,Chile,53,1464163,True,250.0,Medio,Daniela Martínez,0.4828,Senior (+50)
406,Felipe,Martínez,felipe.martínez406@mail.cl,M,2025-12-30,Antofagasta,Chile,51,2435135,True,32.0,Alto,Felipe Martínez,0.9706,Senior (+50)
407,Pedro,Araya,pedro.araya407@mail.cl,F,2025-12-26,Antofagasta,Chile,28,1219407,False,36.0,Medio,Pedro Araya,0.3598,Adulto Joven (26-35)
408,Francisca,Morales,francisca.morales408@mail.cl,M,2025-06-16,RM,Chile,51,2030295,False,229.0,Alto,Francisca Morales,0.7672,Senior (+50)
409,Diego,Santelices,diego.santelices409@mail.cl,F,2025-02-16,RM,Chile,37,2275378,True,349.0,Alto,Diego Santelices,0.8903,Adulto (36-50)
410,Francisca,Araya,francisca.araya410@mail.cl,F,2025-05-06,Valparaíso,Chile,28,1283152,True,270.0,Medio,Francisca Araya,0.3918,Adulto Joven (26-35)
411,Valentina,Pérez,valentina.pérez411@mail.cl,F,2025-07-23,RM,Chile,55,2167904,True,192.0,Alto,Valentina Pérez,0.8363,Senior (+50)
412,Camila,González,camila.gonzález412@mail.cl,M,2025-12-10,Araucanía,Chile,20,1145194,True,52.0,Medio,Camila González,0.3225,Joven (18-25)
413,Camila,López,camila.lópez413@mail.cl,M,2026-01-27,RM,Chile,59,2281298,False,4.0,Alto,Camila López,0.8933,Senior (+50)
414,Valentina,Morales,valentina.morales414@mail.cl,M,2025-05-02,Coquimbo,Chile,54,2013641,False,274.0,Alto,Valentina Morales,0.7588,Senior (+50)
415,Diego,Rodriguez,diego.rodriguez415@mail.cl,M,2026-01-09,Coquimbo,Chile,66,1836092,True,22.0,Alto,Diego Rodriguez,0.6696,Senior (+50)
416,Andrés,Valenzuela,andrés.valenzuela416@mail.cl,F,2025-10-05,RM,Chile,21,1052004,True,118.0,Medio,Andrés Valenzuela,0.2757,Joven (18-25)
417,Sebastián,González,sebastián.gonzález417@mail.cl,M,2025-12-09,Coquimbo,Chile,68,1481890,False,53.0,Medio,Sebastián González,0.4917,Senior (+50)
418,María,Flores,maría.flores418@mail.cl,M,2025-01-21,RM,Chile,61,1024426,True,375.0,Medio,María Flores,0.2619,Senior (+50)
419,Camila,Rodriguez,camila.rodriguez419@mail.cl,M,2025-04-21,Coquimbo,Chile,51,1051050,False,285.0,Medio,Camila Rodriguez,0.2752,Senior (+50)
420,Pedro,Flores,pedro.flores420@mail.cl,M,2025-08-02,Valparaíso,Chile,41,736281,True,182.0,Bajo,Pedro Flores,0.1171,Adulto (36-50)
421,Diego,Santelices,diego.santelices421@mail.cl,M,2026-02-06,RM,Chile,53,1378453,True,-6.0,Medio,Diego Santelices,0.4397,Senior (+50)
422,Josefa,Morales,josefa.morales422@mail.cl,M,2025-02-16,Coquimbo,Chile,29,2148885,True,349.0,Alto,Josefa Morales,0.8268,Adulto Joven (26-35)
423,Valentina,Morales,valentina.morales423@mail.cl,M,2025-01-20,RM,Chile,58,1090381,False,376.0,Medio,Valentina Morales,0.295,Senior (+50)
424,Carolina,Soto,carolina.soto424@mail.cl,M,2025-04-18,Araucanía,Chile,61,1473619,False,288.0,Medio,Carolina Soto,0.4875,Senior (+50)
425,Valentina,Valenzuela,valentina.valenzuela425@mail.cl,M,2025-08-04,RM,Chile,40,1831598,True,180.0,Alto,Valentina Valenzuela,0.6674,Adulto (36-50)
426,Andrés,Martínez,andrés.martínez426@mail.cl,M,2026-01-14,Coquimbo,Chile,44,2036081,False,17.0,Alto,Andrés Martínez,0.7701,Adulto (36-50)
427,Pedro,Valenzuela,pedro.valenzuela427@mail.cl,M,2026-02-04,Coquimbo,Chile,65,625438,True,-4.0,Bajo,Pedro Valenzuela,0.0614,Senior (+50)
428,Daniela,Díaz,daniela.díaz428@mail.cl,M,2026-02-01,Coquimbo,Chile,25,2415026,True,-1.0,Alto,Daniela Díaz,0.9605,Joven (18-25)
429,Valentina,Rodriguez,valentina.rodriguez429@mail.cl,M,2026-01-31,RM,Chile,33,2172305,False,0.0,Alto,Valentina Rodriguez,0.8385,Adulto Joven (26-35)
430,Valentina,Flores,valentina.flores430@mail.cl,F,2025-10-25,Valparaíso,Chile,38,1861871,False,98.0,Alto,Valentina Flores,0.6826,Adulto (36-50)
431,María,Martínez,maría.martínez431@mail.cl,F,2025-08-10,Valparaíso,Chile,64,1838530,True,174.0,Alto,María Martínez,0.6709,Senior (+50)
432,María,Silva,maría.silva432@mail.cl,F,2025-05-15,Biobío,Chile,20,828768,False,261.0,Medio,María Silva,0.1636,Joven (18-25)
433,Sebastián,Pérez,sebastián.pérez433@mail.cl,M,,RM,Chile,22,1141211,False,,Medio,Sebastián Pérez,0.3205,Joven (18-25)
434,Sebastián,Valenzuela,sebastián.valenzuela434@mail.cl,M,2025-04-14,Biobío,Chile,40,1887784,False,292.0,Alto,Sebastián Valenzuela,0.6956,Adulto (36-50)
435,Constanza,Espinoza,constanza.espinoza435@mail.cl,F,2025-03-16,Valparaíso,Chile,52,1797991,True,321.0,Alto,Constanza Espinoza,0.6505,Senior (+50)
436,Constanza,Araya,constanza.araya436@mail.cl,M,2025-03-02,Araucanía,Chile,44,996762,False,335.0,Medio,Constanza Araya,0.248,Adulto (36-50)
437,Catalina,Muñoz,catalina.muñoz437@mail.cl,F,2026-01-16,RM,Chile,55,2309595,False,15.0,Alto,Catalina Muñoz,0.9075,Senior (+50)
438,María,López,maría.lópez438@mail.cl,M,2025-10-17,Valparaíso,Chile,56,2334434,False,106.0,Alto,María López,0.92,Senior (+50)
439,Felipe,Espinoza,felipe.espinoza439@mail.cl,F,2026-01-29,Coquimbo,Chile,56,2058068,True,2.0,Alto,Felipe Espinoza,0.7812,Senior (+50)
440,Juan,González,juan.gonzález440@mail.cl,M,2025-02-22,RM,Chile,36,2031192,True,343.0,Alto,Juan González,0.7677,Adulto (36-50)
441,Valentina,Valenzuela,valentina.valenzuela441@mail.cl,M,2026-01-10,Valparaíso,Chile,27,1113859,False,21.0,Medio,Valentina Valenzuela,0.3068,Adulto Joven (26-35)
442,Valentina,Díaz,valentina.díaz442@mail.cl,F,2025-02-22,Valparaíso,Chile,41,2301038,False,343.0,Alto,Valentina Díaz,0.9032,Adulto (36-50)
443,Constanza,Valenzuela,constanza.valenzuela443@mail.cl,F,2025-01-12,RM,Chile,44,905453,False,384.0,Medio,Constanza Valenzuela,0.2021,Adulto (36-50)
444,María,Silva,maría.silva444@mail.cl,F,2025-02-18,Valparaíso,Chile,32,1398488,True,347.0,Medio,María Silva,0.4498,Adulto Joven (26-35)
445,Juan,López,juan.lópez445@mail.cl,M,2025-10-21,RM,Chile,34,1314422,False,102.0,Medio,Juan López,0.4076,Adulto Joven (26-35)
446,María,Silva,maría.silva446@mail.cl,M,2026-01-29,RM,Chile,45,1916842,True,2.0,Alto,María Silva,0.7102,Adulto (36-50)
447,Juan,Morales,juan.morales447@mail.cl,M,2026-01-04,Coquimbo,Chile,53,2482289,True,27.0,Alto,Juan Morales,0.9943,Senior (+50)
448,Pedro,Flores,pedro.flores448@mail.cl,M,2025-06-28,Antofagasta,Chile,54,1788592,False,217.0,Alto,Pedro Flores,0.6458,Senior (+50)
449,Felipe,López,felipe.lópez449@mail.cl,M,2025-04-30,RM,Chile,27,2406862,True,276.0,Alto,Felipe López,0.9564,Adulto Joven (26-35)
450,Diego,Pérez,diego.pérez450@mail.cl,M,2026-02-13,Valparaíso,Chile,28,882736,False,-13.0,Medio,Diego Pérez,0.1907,Adulto Joven (26-35)
451,Josefa,Martínez,josefa.martínez451@mail.cl,F,2025-07-30,RM,Chile,29,2401860,False,185.0,Alto,Josefa Martínez,0.9539,Adulto Joven (26-35)
452,Juan,Pérez,juan.pérez452@mail.cl,F,2025-02-10,Araucanía,Chile,52,1273422,False,355.0,Medio,Juan Pérez,0.387,Senior (+50)
453,María,Espinoza,maría.espinoza453@mail.cl,M,2025-01-13,RM,Chile,35,1838084,True,383.0,Alto,María Espinoza,0.6706,Adulto Joven (26-35)
454,Camila,Valenzuela,camila.valenzuela454@mail.cl,F,2025-11-06,RM,Chile,39,2255104,False,86.0,Alto,Camila Valenzuela,0.8801,Adulto (36-50)
455,Rodrigo,Santelices,rodrigo.santelices455@mail.cl,M,2025-09-21,RM,Chile,24,1513539,False,132.0,Alto,Rodrigo Santelices,0.5076,Joven (18-25)
456,Pedro,Araya,pedro.araya456@mail.cl,F,2025-11-06,Valparaíso,Chile,18,836227,True,86.0,Medio,Pedro Araya,0.1673,Joven (18-25)
457,Carolina,Morales,carolina.morales457@mail.cl,M,2026-02-23,Valparaíso,Chile,27,1997652,False,-23.0,Alto,Carolina Morales,0.7508,Adulto Joven (26-35)
458,Josefa,Pérez,josefa.pérez458@mail.cl,F,2025-10-07,RM,Chile,19,1722613,True,116.0,Alto,Josefa Pérez,0.6126,Joven (18-25)
459,Camila,Espinoza,camila.espinoza459@mail.cl,F,2025-04-12,RM,Chile,34,1806379,False,294.0,Alto,Camila Espinoza,0.6547,Adulto Joven (26-35)
460,Camila,Silva,camila.silva460@mail.cl,M,2026-01-26,Coquimbo,Chile,55,938080,False,5.0,Medio,Camila Silva,0.2185,Senior (+50)
461,Felipe,Araya,felipe.araya461@mail.cl,F,2025-07-05,Biobío,Chile,29,766010,False,210.0,Bajo,Felipe Araya,0.132,Adulto Joven (26-35)
462,Diego,López,diego.lópez462@mail.cl,M,2025-05-14,RM,Chile,24,2486527,False,262.0,Alto,Diego López,0.9964,Joven (18-25)
463,Diego,Martínez,diego.martínez463@mail.cl,M,2025-11-09,Valparaíso,Chile,29,2119471,False,83.0,Alto,Diego Martínez,0.812,Adulto Joven (26-35)
464,Andrés,Pérez,andrés.pérez464@mail.cl,F,2026-02-20,Coquimbo,Chile,26,879039,True,-20.0,Medio,Andrés Pérez,0.1888,Adulto Joven (26-35)
465,Daniela,González,daniela.gonzález465@mail.cl,M,2025-08-02,Biobío,Chile,44,676743,True,182.0,Bajo,Daniela González,0.0872,Adulto (36-50)
466,Rodrigo,Martínez,rodrigo.martínez466@mail.cl,M,2025-03-20,RM,Chile,40,1597643,False,317.0,Alto,Rodrigo Martínez,0.5498,Adulto (36-50)
467,Camila,López,camila.lópez467@mail.cl,F,2025-04-06,Araucanía,Chile,37,709329,True,300.0,Bajo,Camila López,0.1036,Adulto (36-50)
468,Josefa,Araya,josefa.araya468@mail.cl,F,2025-07-18,RM,Chile,59,839384,False,197.0,Medio,Josefa Araya,0.1689,Senior (+50)
469,Sebastián,López,sebastián.lópez469@mail.cl,M,2025-06-30,Coquimbo,Chile,25,1412743,False,215.0,Medio,Sebastián López,0.4569,Joven (18-25)
470,Josefa,Valenzuela,josefa.valenzuela470@mail.cl,F,2026-02-16,Valparaíso,Chile,69,2329989,False,-16.0,Alto,Josefa Valenzuela,0.9178,Senior (+50)
471,Valentina,Araya,valentina.araya471@mail.cl,M,2025-08-30,Antofagasta,Chile,43,1918992,False,154.0,Alto,Valentina Araya,0.7113,Adulto (36-50)
472,Diego,Díaz,diego.díaz472@mail.cl,F,2025-06-10,RM,Chile,67,1182405,True,235.0,Medio,Diego Díaz,0.3412,Senior (+50)
473,María,Valenzuela,maría.valenzuela473@mail.cl,F,2025-10-21,Coquimbo,Chile,39,981725,False,102.0,Medio,María Valenzuela,0.2404,Adulto (36-50)
474,Constanza,López,constanza.lópez474@mail.cl,F,2025-01-06,Coquimbo,Chile,46,2116391,False,390.0,Alto,Constanza López,0.8105,Adulto (36-50)
475,Rodrigo,Morales,rodrigo.morales475@mail.cl,F,2026-01-13,Biobío,Chile,67,1656618,True,18.0,Alto,Rodrigo Morales,0.5795,Senior (+50)
476,Carolina,Araya,carolina.araya476@mail.cl,F,2025-09-09,RM,Chile,65,2321367,False,144.0,Alto,Carolina Araya,0.9134,Senior (+50)
477,Andrés,López,andrés.lópez477@mail.cl,F,2025-03-30,Coquimbo,Chile,35,1785138,True,307.0,Alto,Andrés López,0.644,Adulto Joven (26-35)
478,Felipe,Soto,felipe.soto478@mail.cl,F,,RM,Chile,46,1290074,True,,Medio,Felipe Soto,0.3953,Adulto (36-50)
479,María,González,maría.gonzález479@mail.cl,M,2026-02-03,RM,Chile,25,716204,False,-3.0,Bajo,María González,0.107,Joven (18-25)
480,Daniela,Espinoza,daniela.espinoza480@mail.cl,F,2025-02-08,RM,Chile,44,938458,False,357.0,Medio,Daniela Espinoza,0.2187,Adulto (36-50)
481,Daniela,Muñoz,daniela.muñoz481@mail.cl,F,2025-03-15,Antofagasta,Chile,53,911236,False,322.0,Medio,Daniela Muñoz,0.205,Senior (+50)
482,Catalina,Araya,catalina.araya482@mail.cl,F,2025-06-19,Biobío,Chile,57,2157153,True,226.0,Alto,Catalina Araya,0.8309,Senior (+50)
483,Daniela,Morales,daniela.morales483@mail.cl,F,2025-12-30,Coquimbo,Chile,30,2401740,False,32.0,Alto,Daniela Morales,0.9538,Adulto Joven (26-35)
484,Camila,Martínez,camila.martínez484@mail.cl,F,2026-02-20,RM,Chile,18,607096,True,-20.0,Bajo,Camila Martínez,0.0522,Joven (18-25)
485,Felipe,González,felipe.gonzález485@mail.cl,M,2025-06-12,RM,Chile,52,1552272,True,233.0,Alto,Felipe González,0.527,Senior (+50)
486,Andrés,López,andrés.lópez486@mail.cl,F,2026-01-29,Valparaíso,Chile,37,975828,True,2.0,Medio,Andrés López,0.2374,Adulto (36-50)
487,María,Díaz,maría.díaz487@mail.cl,M,2025-04-26,RM,Chile,40,923177,True,280.0,Medio,María Díaz,0.211,Adulto (36-50)
488,Andrés,Martínez,andrés.martínez488@mail.cl,M,2026-01-22,RM,Chile,51,2006295,True,9.0,Alto,Andrés Martínez,0.7551,Senior (+50)
489,Sebastián,Flores,sebastián.flores489@mail.cl,F,2025-05-29,RM,Chile,52,1215339,False,247.0,Medio,Sebastián Flores,0.3578,Senior (+50)
490,Pedro,Rodriguez,pedro.rodriguez490@mail.cl,M,2026-01-07,RM,Chile,43,769956,True,24.0,Bajo,Pedro Rodriguez,0.134,Adulto (36-50)
491,Constanza,Díaz,constanza.díaz491@mail.cl,M,2025-04-26,Coquimbo,Chile,62,1831420,False,280.0,Alto,Constanza Díaz,0.6673,Senior (+50)
492,Sebastián,Rodriguez,sebastián.rodriguez492@mail.cl,F,2025-11-20,Antofagasta,Chile,32,938242,True,72.0,Medio,Sebastián Rodriguez,0.2186,Adulto Joven (26-35)
493,Juan,Rodriguez,juan.rodriguez493@mail.cl,M,2026-02-05,Biobío,Chile,51,1044279,False,-5.0,Medio,Juan Rodriguez,0.2718,Senior (+50)
494,Francisca,Díaz,francisca.díaz494@mail.cl,M,2025-06-30,Coquimbo,Chile,69,2318902,True,215.0,Alto,Francisca Díaz,0.9122,Senior (+50)
495,Diego,Valenzuela,diego.valenzuela495@mail.cl,F,2025-09-06,Coquimbo,Chile,23,2369156,True,147.0,Alto,Diego Valenzuela,0.9374,Joven (18-25)
496,Francisca,Silva,francisca.silva496@mail.cl,M,,RM,Chile,20,2261663,True,,Alto,Francisca Silva,0.8834,Joven (18-25)
497,Valentina,Valenzuela,valentina.valenzuela497@mail.cl,F,2025-08-27,Araucanía,Chile,58,1706212,True,157.0,Alto,Valentina Valenzuela,0.6044,Senior (+50)
498,Felipe,López,felipe.lópez498@mail.cl,F,2026-02-17,Antofagasta,Chile,44,2400466,False,-17.0,Alto,Felipe López,0.9532,Adulto (36-50)
499,Sebastián,Espinoza,sebastián.espinoza499@mail.cl,F,2026-02-08,Antofagasta,Chile,33,1968919,False,-8.0,Alto,Sebastián Espinoza,0.7364,Adulto Joven (26-35)
500,Diego,Soto,diego.soto500@mail.cl,M,2025-10-14,RM,Chile,59,1945065,False,109.0,Alto,Diego Soto,0.7244,Senior (+50)
